[{"model": "home.homepage", "pk": 3, "fields": {"search_image": null, "banner_title": "The Nursing Ace, Your Medical Essay Writers", "banner_description": "Nursing Ace comprises of competent and knowledgeable writers in a wide range of medical writing tasks and research to suit your individual and academic needs.", "banner_cta": null, "section_about": "[{\"type\": \"About_section\", \"value\": {\"eyebrow\": \"Why us\", \"headline\": \"Home for competent and knowledgeable writers\", \"description\": \"<p data-block-key=\\\"axr4a\\\">We are available to assist you in your ADN, BSN, master&#x27;s, and doctorate research and writing tasks, no matter the urgency and complexity.\\u00a0 \\u00a0\\u00a0</p>\"}, \"id\": \"29b85696-4abe-41b9-a8c3-ef00d3a80dff\"}]", "jumbo_area": "[{\"type\": \"jumbo_cards\", \"value\": {\"cards\": [{\"type\": \"item\", \"value\": {\"cardicon\": 8, \"headline\": \"Plagiarism-free guarantee\", \"description\": \"Our essay writers always work hard to guarantee 100% original and unique texts.\"}, \"id\": \"4de796e5-5582-4908-83a0-27f346933640\"}, {\"type\": \"item\", \"value\": {\"cardicon\": 7, \"headline\": \"World-class Writers\", \"description\": \"Leverage world-class talented writers who have been selected from specific fields.\"}, \"id\": \"f7eace1c-3bd7-4e79-a16c-9c18395d9d5b\"}, {\"type\": \"item\", \"value\": {\"cardicon\": 6, \"headline\": \"Confidentiality & privacy\", \"description\": \"We adhere to our privacy and confidentiality policy that guarantees 100% confidentiality\"}, \"id\": \"dccbbb04-269b-42fc-88dc-3d36ce62fbf8\"}, {\"type\": \"item\", \"value\": {\"cardicon\": 9, \"headline\": \"High Quality Research\", \"description\": \"Our writers conduct extensive research to timely deliver your solution assignment.\"}, \"id\": \"9e8736b1-e13b-45e1-b2c8-52a90fa347a2\"}]}, \"id\": \"bc3e93cf-ab96-4a38-bb01-cf2851368fce\"}]", "about_bullet": "[{\"type\": \"about_bullet\", \"value\": \"Buy Essay\", \"id\": \"d3ab82ef-45b9-433f-988d-884d6c37b6da\"}, {\"type\": \"about_bullet\", \"value\": \"Academic Writing\", \"id\": \"94a6384a-6c8c-4792-b0ad-04ba40d08cf8\"}, {\"type\": \"about_bullet\", \"value\": \"Editing Services\", \"id\": \"1725c806-60f8-411f-b15f-6372aed9d7bf\"}, {\"type\": \"about_bullet\", \"value\": \"Dissertation Writing\", \"id\": \"e4bde57c-7509-4789-ba91-67fc533a29e9\"}, {\"type\": \"about_bullet\", \"value\": \"Term Paper Writing\", \"id\": \"a267ddca-7209-4ca9-98eb-97b17431cb67\"}, {\"type\": \"about_bullet\", \"value\": \"Thesis Writing\", \"id\": \"73fd981f-25b3-4f95-9a90-917796614aa6\"}]", "section_about_content": "[{\"type\": \"description\", \"value\": \"<p data-block-key=\\\"gevo9\\\">The Nursing Ace comprises competent and knowledgeable writers in a wide range of medical writing tasks and research to suit your individual and academic needs.\\u00a0 Throughout our coaching experience, you will acquire the confidence, tools, and assistance to enable you to succeed in your respective nursing program.</p><p data-block-key=\\\"aursj\\\">We empower you to become the leader and nurse you desire. Our medical writing and coaching services are customized to your requirements, with great emphasis on <b>originality, confidentiality, punctuality, and exemplary academic rigor.\\u00a0</b></p>\", \"id\": \"af4d2cc5-3053-43e6-8b4e-0d5b09975684\"}]", "section_about_image": 1, "core_features": "[{\"type\": \"section_core_section\", \"value\": {\"eyebrow\": \"Build for your nursing program\", \"headline\": \"Our Core features\", \"description\": \"<p data-block-key=\\\"yyz8q\\\">We believe that no matter how good you are in nursing practice,\\u00a0 our assistance in your writing and research tasks will make you even better.</p>\"}, \"id\": \"6ab0267f-26a3-4fc4-9ba6-f15cab1aad3c\"}]", "core_features_cards": "[{\"type\": \"features_cards\", \"value\": {\"cards\": [{\"type\": \"item\", \"value\": {\"fontawesome\": \"clock-rotate-left\", \"headline\": \"24/7 Support\", \"description\": \"We are always available for your support. You're guaranteed assistance either by phone, email, or chat.\"}, \"id\": \"a0470f30-8d4b-40f6-905c-ecbde8c9127c\"}, {\"type\": \"item\", \"value\": {\"fontawesome\": \"eye-slash\", \"headline\": \"Anonymity\", \"description\": \"We care about the privacy of our clients and when you pay for essays, we will never share your personal information with any third parties or even paper writers.\"}, \"id\": \"7360b303-46f1-4d6b-9b17-cbedd01e1fbe\"}, {\"type\": \"item\", \"value\": {\"fontawesome\": \"infinity\", \"headline\": \"Unlimited & Free Edits\", \"description\": \"When you pay for essay writing, you have 30 days after the order was completed to ask our essay writers for free revisions, in case you need any.\"}, \"id\": \"2e48a07b-6b28-4bf3-8008-cb80f742ccd1\"}]}, \"id\": \"ccedba89-b503-42fb-9551-12606d9fb409\"}]", "citation_hub": "[{\"type\": \"citation_section\", \"value\": {\"eyebrow\": \"Citation Hub\", \"headline\": \"Get your paper cited in the citation style of your choice\", \"description\": \"\"}, \"id\": \"92af91db-2970-46eb-b939-d872bccaa2ac\"}]", "citation_styles": "[{\"type\": \"citationStyle\", \"value\": {\"eyebrow\": \"Harvard Style\", \"headline\": \"Harvard Format Citation Guide\", \"description\": \"<p data-block-key=\\\"s33ys\\\">This is a complete guide to Harvard in-text and reference list citations. This easy-to-use, comprehensive guide makes citing any source easy. Check out our other citation guides on\\u00a0APA\\u00a0and\\u00a0MLA 8\\u00a0referencing.</p>\", \"image\": 2}, \"id\": \"1792c78c-c2e3-419a-bb98-b716cec32f8d\"}, {\"type\": \"citationStyle\", \"value\": {\"eyebrow\": \"MLA Style\", \"headline\": \"MLA 8 Citation Guide\", \"description\": \"<p data-block-key=\\\"s33ys\\\">This is a complete guide to MLA 8 (Modern Language Association, 8th edition) in-text and reference list citations. This easy-to-use, comprehensive guide makes citing any source easy. Check out our other citation guides on\\u00a0APA\\u00a0and\\u00a0Harvard\\u00a0referencing.</p>\", \"image\": 3}, \"id\": \"e6a4b5cc-6823-4a33-bf92-8cad0b631cca\"}, {\"type\": \"citationStyle\", \"value\": {\"eyebrow\": \"APA Style\", \"headline\": \"APA Format Citation Guide\", \"description\": \"<p data-block-key=\\\"s33ys\\\">This is a complete guide to APA (American Psychological Association) in-text and reference list citations. This easy-to-use, comprehensive guide makes citing any source easy.\\u00a0</p>\", \"image\": 4}, \"id\": \"04147b97-1323-4615-9fc5-46a2ce31bae4\"}]", "timely_updates": "[{\"type\": \"timely_updates\", \"value\": {\"eyebrow\": \"Right to your inbox\", \"headline\": \"Get timely updates and fresh ideas delivered to your inbox\", \"description\": \"<p data-block-key=\\\"f18i0\\\">The nursing field is continuously changing. We continuously produce new content based on curriculum updates requirements. Whether you&#x27;re in school or in practice, you can use our free content to stay updated on the trend.</p>\"}, \"id\": \"f19ad4e4-a162-460a-8735-edeab16c6407\"}]", "timely_updates_bullet": "[{\"type\": \"updates_bullet\", \"value\": \"Assignment support\", \"id\": \"9419b52e-9a02-4ff7-b5e0-116c892b4281\"}, {\"type\": \"updates_bullet\", \"value\": \"Free updates\", \"id\": \"df1863b2-b2e4-473c-bad7-81b0ca4d5725\"}, {\"type\": \"updates_bullet\", \"value\": \"Free samples\", \"id\": \"d1a41408-9f2a-4269-b4a0-88f1c2a60de3\"}, {\"type\": \"updates_bullet\", \"value\": \"Frequent Discounts\", \"id\": \"4658cf2c-65b6-4b5b-9e21-622440619609\"}]", "datasection": "[{\"type\": \"datasection_headings\", \"value\": {\"eyebrow\": \"Your Expectation\", \"headline\": \"We Always Try To Understand Users Expectation\", \"description\": \"<p data-block-key=\\\"gd4f2\\\">Our numbers speak for themselves. You only need to describe your assignment, sit back and wait.</p>\"}, \"id\": \"e4c635fc-6fde-41b5-984c-9e2b26e9ab4f\"}]", "data_card": "[{\"type\": \"data_counter\", \"value\": {\"cards\": [{\"type\": \"item\", \"value\": {\"max_count\": \"102\", \"item_text\": \"Writers online now\"}, \"id\": \"47f54c0c-5958-4330-8fae-3034ce4f799d\"}, {\"type\": \"item\", \"value\": {\"max_count\": \"500\", \"item_text\": \"Writers active\"}, \"id\": \"b275a601-a832-4c68-8e8b-7e5b2b16a86d\"}, {\"type\": \"item\", \"value\": {\"max_count\": \"1084\", \"item_text\": \"Delivered orders\"}, \"id\": \"658e518a-d185-4cb5-a675-dd9101ec98bd\"}, {\"type\": \"item\", \"value\": {\"max_count\": \"19\", \"item_text\": \"Visitors\"}, \"id\": \"e47e1bee-7786-485d-ae83-925226d2e95e\"}]}, \"id\": \"98d4c147-5acc-4c03-a632-4204bf676fdd\"}]", "data_bullets": "[{\"type\": \"data_bullets\", \"value\": \"Originality 100%\", \"id\": \"7fc9a5ed-2e41-4a20-9a6b-cc6f55d301f9\"}, {\"type\": \"data_bullets\", \"value\": \"Confidentiality 100%\", \"id\": \"660fb459-750b-4adf-9436-3fa59f26084e\"}, {\"type\": \"data_bullets\", \"value\": \"Punctuality 100%\", \"id\": \"7d2e8e58-90f8-4dfc-a7c6-6e7b74dbca67\"}, {\"type\": \"data_bullets\", \"value\": \"Exemplary academic rigor 100%\", \"id\": \"60819c8c-0979-4d64-aed1-cf968aa75351\"}]"}}, {"model": "wagtailimages.image", "pk": 1, "fields": {"collection": 1, "title": "student-reading", "file": "original_images/student-reading.png", "width": 667, "height": 667, "created_at": "2022-04-17T19:48:36.652Z", "uploaded_by_user": 1, "focal_point_x": null, "focal_point_y": null, "focal_point_width": null, "focal_point_height": null, "file_size": 53494, "file_hash": "c341456a9d1cbf87bc160f2abc5e4ad811fed8a2"}}, {"model": "wagtailimages.image", "pk": 2, "fields": {"collection": 1, "title": "havard-guide", "file": "original_images/havard-guide.jpg", "width": 693, "height": 225, "created_at": "2022-04-18T20:27:09.278Z", "uploaded_by_user": 1, "focal_point_x": null, "focal_point_y": null, "focal_point_width": null, "focal_point_height": null, "file_size": 14796, "file_hash": "7130641af1506e0e493279d986aa05fabc651aea"}}, {"model": "wagtailimages.image", "pk": 3, "fields": {"collection": 1, "title": "mla", "file": "original_images/mla.png", "width": 667, "height": 447, "created_at": "2022-04-18T20:28:23.025Z", "uploaded_by_user": 1, "focal_point_x": null, "focal_point_y": null, "focal_point_width": null, "focal_point_height": null, "file_size": 30792, "file_hash": "b7e1c504fbd229314785cbea99f23a2ef5e39585"}}, {"model": "wagtailimages.image", "pk": 4, "fields": {"collection": 1, "title": "apa-guide", "file": "original_images/apa-guide.png", "width": 563, "height": 330, "created_at": "2022-04-18T20:29:19.038Z", "uploaded_by_user": 1, "focal_point_x": null, "focal_point_y": null, "focal_point_width": null, "focal_point_height": null, "file_size": 16805, "file_hash": "d95786aed5d7faecfd46e5c9b7ce789232b568ef"}}, {"model": "wagtailimages.image", "pk": 5, "fields": {"collection": 1, "title": "happy-people-reading_ccexpress", "file": "original_images/happy-people-reading_ccexpress.png", "width": 667, "height": 494, "created_at": "2022-04-20T09:29:47.339Z", "uploaded_by_user": 1, "focal_point_x": null, "focal_point_y": null, "focal_point_width": null, "focal_point_height": null, "file_size": 84619, "file_hash": "a5f15d3987d9450594f735b3ed1b5724274d3e8e"}}, {"model": "wagtailimages.image", "pk": 6, "fields": {"collection": 1, "title": "confidentiality", "file": "original_images/confidentiality.png", "width": 128, "height": 128, "created_at": "2022-04-20T17:24:45.936Z", "uploaded_by_user": 1, "focal_point_x": null, "focal_point_y": null, "focal_point_width": null, "focal_point_height": null, "file_size": 5682, "file_hash": "87a34409a95b3871a6366e50a76adfc285def2c6"}}, {"model": "wagtailimages.image", "pk": 7, "fields": {"collection": 1, "title": "expert-writers", "file": "original_images/expert-writers.png", "width": 128, "height": 128, "created_at": "2022-04-20T17:24:47.697Z", "uploaded_by_user": 1, "focal_point_x": null, "focal_point_y": null, "focal_point_width": null, "focal_point_height": null, "file_size": 8056, "file_hash": "ce666244749651a891c93ac3722d7c141a8ace45"}}, {"model": "wagtailimages.image", "pk": 8, "fields": {"collection": 1, "title": "plagiarism-free", "file": "original_images/plagiarism-free.png", "width": 128, "height": 128, "created_at": "2022-04-20T17:24:49.174Z", "uploaded_by_user": 1, "focal_point_x": null, "focal_point_y": null, "focal_point_width": null, "focal_point_height": null, "file_size": 9514, "file_hash": "7118f9a5eabb766fcc911830681f480bdaeffd02"}}, {"model": "wagtailimages.image", "pk": 9, "fields": {"collection": 1, "title": "quality-work", "file": "original_images/quality-work.png", "width": 128, "height": 128, "created_at": "2022-04-20T17:24:50.207Z", "uploaded_by_user": 1, "focal_point_x": null, "focal_point_y": null, "focal_point_width": null, "focal_point_height": null, "file_size": 2295, "file_hash": "d079540433bcc46e4b15324497ad26f171c95585"}}, {"model": "wagtailimages.rendition", "pk": 1, "fields": {"filter_spec": "max-165x165", "file": "images/student-reading.max-165x165.png", "width": 165, "height": 165, "focal_point_key": "", "image": 1}}, {"model": "wagtailimages.rendition", "pk": 2, "fields": {"filter_spec": "original", "file": "images/student-reading.original.png", "width": 667, "height": 667, "focal_point_key": "", "image": 1}}, {"model": "wagtailimages.rendition", "pk": 3, "fields": {"filter_spec": "max-500x500", "file": "images/student-reading.max-500x500.png", "width": 499, "height": 500, "focal_point_key": "", "image": 1}}, {"model": "wagtailimages.rendition", "pk": 4, "fields": {"filter_spec": "max-600x600", "file": "images/student-reading.max-600x600.png", "width": 600, "height": 600, "focal_point_key": "", "image": 1}}, {"model": "wagtailimages.rendition", "pk": 5, "fields": {"filter_spec": "scale-50", "file": "images/student-reading.scale-50.png", "width": 333, "height": 333, "focal_point_key": "", "image": 1}}, {"model": "wagtailimages.rendition", "pk": 6, "fields": {"filter_spec": "max-165x165", "file": "images/havard-guide.max-165x165.jpg", "width": 165, "height": 53, "focal_point_key": "", "image": 2}}, {"model": "wagtailimages.rendition", "pk": 7, "fields": {"filter_spec": "max-165x165", "file": "images/mla.max-165x165.png", "width": 165, "height": 110, "focal_point_key": "", "image": 3}}, {"model": "wagtailimages.rendition", "pk": 8, "fields": {"filter_spec": "max-165x165", "file": "images/apa-guide.max-165x165.png", "width": 165, "height": 96, "focal_point_key": "", "image": 4}}, {"model": "wagtailimages.rendition", "pk": 9, "fields": {"filter_spec": "scale-100", "file": "images/havard-guide.scale-100.jpg", "width": 693, "height": 225, "focal_point_key": "", "image": 2}}, {"model": "wagtailimages.rendition", "pk": 10, "fields": {"filter_spec": "scale-100", "file": "images/mla.scale-100.png", "width": 667, "height": 447, "focal_point_key": "", "image": 3}}, {"model": "wagtailimages.rendition", "pk": 11, "fields": {"filter_spec": "scale-100", "file": "images/apa-guide.scale-100.png", "width": 563, "height": 330, "focal_point_key": "", "image": 4}}, {"model": "wagtailimages.rendition", "pk": 12, "fields": {"filter_spec": "max-165x165", "file": "images/happy-people-reading_ccexpress.max-165x165.png", "width": 165, "height": 122, "focal_point_key": "", "image": 5}}, {"model": "wagtailimages.rendition", "pk": 13, "fields": {"filter_spec": "scale-50", "file": "images/happy-people-reading_ccexpress.scale-50.png", "width": 333, "height": 247, "focal_point_key": "", "image": 5}}, {"model": "wagtailimages.rendition", "pk": 14, "fields": {"filter_spec": "max-165x165", "file": "images/quality-work.max-165x165.png", "width": 128, "height": 128, "focal_point_key": "", "image": 9}}, {"model": "wagtailimages.rendition", "pk": 15, "fields": {"filter_spec": "max-165x165", "file": "images/plagiarism-free.max-165x165.png", "width": 128, "height": 128, "focal_point_key": "", "image": 8}}, {"model": "wagtailimages.rendition", "pk": 16, "fields": {"filter_spec": "max-165x165", "file": "images/expert-writers.max-165x165.png", "width": 128, "height": 128, "focal_point_key": "", "image": 7}}, {"model": "wagtailimages.rendition", "pk": 17, "fields": {"filter_spec": "max-165x165", "file": "images/confidentiality.max-165x165.png", "width": 128, "height": 128, "focal_point_key": "", "image": 6}}, {"model": "wagtailimages.rendition", "pk": 18, "fields": {"filter_spec": "scale-100", "file": "images/plagiarism-free.scale-100.png", "width": 128, "height": 128, "focal_point_key": "", "image": 8}}, {"model": "wagtailimages.rendition", "pk": 19, "fields": {"filter_spec": "scale-100", "file": "images/expert-writers.scale-100.png", "width": 128, "height": 128, "focal_point_key": "", "image": 7}}, {"model": "wagtailimages.rendition", "pk": 20, "fields": {"filter_spec": "scale-100", "file": "images/confidentiality.scale-100.png", "width": 128, "height": 128, "focal_point_key": "", "image": 6}}, {"model": "wagtailimages.rendition", "pk": 21, "fields": {"filter_spec": "scale-100", "file": "images/quality-work.scale-100.png", "width": 128, "height": 128, "focal_point_key": "", "image": 9}}, {"model": "wagtailimages.rendition", "pk": 22, "fields": {"filter_spec": "scale-70", "file": "images/plagiarism-free.scale-70.png", "width": 89, "height": 89, "focal_point_key": "", "image": 8}}, {"model": "wagtailimages.rendition", "pk": 23, "fields": {"filter_spec": "scale-70", "file": "images/expert-writers.scale-70.png", "width": 89, "height": 89, "focal_point_key": "", "image": 7}}, {"model": "wagtailimages.rendition", "pk": 24, "fields": {"filter_spec": "scale-70", "file": "images/confidentiality.scale-70.png", "width": 89, "height": 89, "focal_point_key": "", "image": 6}}, {"model": "wagtailimages.rendition", "pk": 25, "fields": {"filter_spec": "scale-70", "file": "images/quality-work.scale-70.png", "width": 89, "height": 89, "focal_point_key": "", "image": 9}}, {"model": "wagtailimages.rendition", "pk": 26, "fields": {"filter_spec": "scale-50", "file": "images/plagiarism-free.scale-50.png", "width": 64, "height": 64, "focal_point_key": "", "image": 8}}, {"model": "wagtailimages.rendition", "pk": 27, "fields": {"filter_spec": "scale-50", "file": "images/expert-writers.scale-50.png", "width": 64, "height": 64, "focal_point_key": "", "image": 7}}, {"model": "wagtailimages.rendition", "pk": 28, "fields": {"filter_spec": "scale-50", "file": "images/confidentiality.scale-50.png", "width": 64, "height": 64, "focal_point_key": "", "image": 6}}, {"model": "wagtailimages.rendition", "pk": 29, "fields": {"filter_spec": "scale-50", "file": "images/quality-work.scale-50.png", "width": 64, "height": 64, "focal_point_key": "", "image": 9}}, {"model": "wagtailimages.rendition", "pk": 30, "fields": {"filter_spec": "min-200x200", "file": "images/plagiarism-free.min-200x200.png", "width": 128, "height": 128, "focal_point_key": "", "image": 8}}, {"model": "wagtailimages.rendition", "pk": 31, "fields": {"filter_spec": "min-200x200", "file": "images/expert-writers.min-200x200.png", "width": 128, "height": 128, "focal_point_key": "", "image": 7}}, {"model": "wagtailimages.rendition", "pk": 32, "fields": {"filter_spec": "min-200x200", "file": "images/confidentiality.min-200x200.png", "width": 128, "height": 128, "focal_point_key": "", "image": 6}}, {"model": "wagtailimages.rendition", "pk": 33, "fields": {"filter_spec": "min-200x200", "file": "images/quality-work.min-200x200.png", "width": 128, "height": 128, "focal_point_key": "", "image": 9}}, {"model": "wagtailimages.rendition", "pk": 34, "fields": {"filter_spec": "min-100x100", "file": "images/plagiarism-free.min-100x100.png", "width": 100, "height": 100, "focal_point_key": "", "image": 8}}, {"model": "wagtailimages.rendition", "pk": 35, "fields": {"filter_spec": "min-100x100", "file": "images/expert-writers.min-100x100.png", "width": 100, "height": 100, "focal_point_key": "", "image": 7}}, {"model": "wagtailimages.rendition", "pk": 36, "fields": {"filter_spec": "min-100x100", "file": "images/confidentiality.min-100x100.png", "width": 100, "height": 100, "focal_point_key": "", "image": 6}}, {"model": "wagtailimages.rendition", "pk": 37, "fields": {"filter_spec": "min-100x100", "file": "images/quality-work.min-100x100.png", "width": 100, "height": 100, "focal_point_key": "", "image": 9}}, {"model": "wagtailimages.rendition", "pk": 38, "fields": {"filter_spec": "min-80x80", "file": "images/plagiarism-free.min-80x80.png", "width": 80, "height": 80, "focal_point_key": "", "image": 8}}, {"model": "wagtailimages.rendition", "pk": 39, "fields": {"filter_spec": "min-80x80", "file": "images/expert-writers.min-80x80.png", "width": 80, "height": 80, "focal_point_key": "", "image": 7}}, {"model": "wagtailimages.rendition", "pk": 40, "fields": {"filter_spec": "min-80x80", "file": "images/confidentiality.min-80x80.png", "width": 80, "height": 80, "focal_point_key": "", "image": 6}}, {"model": "wagtailimages.rendition", "pk": 41, "fields": {"filter_spec": "min-80x80", "file": "images/quality-work.min-80x80.png", "width": 80, "height": 80, "focal_point_key": "", "image": 9}}, {"model": "wagtailimages.rendition", "pk": 42, "fields": {"filter_spec": "max-80x80", "file": "images/plagiarism-free.max-80x80.png", "width": 80, "height": 80, "focal_point_key": "", "image": 8}}, {"model": "wagtailimages.rendition", "pk": 43, "fields": {"filter_spec": "max-80x80", "file": "images/expert-writers.max-80x80.png", "width": 80, "height": 80, "focal_point_key": "", "image": 7}}, {"model": "wagtailimages.rendition", "pk": 44, "fields": {"filter_spec": "max-80x80", "file": "images/confidentiality.max-80x80.png", "width": 80, "height": 80, "focal_point_key": "", "image": 6}}, {"model": "wagtailimages.rendition", "pk": 45, "fields": {"filter_spec": "max-80x80", "file": "images/quality-work.max-80x80.png", "width": 80, "height": 80, "focal_point_key": "", "image": 9}}, {"model": "wagtailimages.rendition", "pk": 46, "fields": {"filter_spec": "scale-100", "file": "images/happy-people-reading_ccexpress.scale-100.png", "width": 667, "height": 494, "focal_point_key": "", "image": 5}}, {"model": "wagtailimages.rendition", "pk": 47, "fields": {"filter_spec": "original", "file": "images/happy-people-reading_ccexpress.original.png", "width": 667, "height": 494, "focal_point_key": "", "image": 5}}, {"model": "wagtailsearch.indexentry", "pk": 1, "fields": {"content_type": 2, "object_id": "3", "title_norm": 2.4545454545454546, "autocomplete": "'home':1", "title": "'home':1B", "body": ""}}, {"model": "wagtailsearch.indexentry", "pk": 9, "fields": {"content_type": 6, "object_id": "1", "title_norm": 0.6666666666666666, "autocomplete": "'reading':3 'student':2 'student-reading':1", "title": "'read':3A 'student':2A 'student-read':1A", "body": ""}}, {"model": "wagtailsearch.indexentry", "pk": 27, "fields": {"content_type": 6, "object_id": "2", "title_norm": 0.7777777777777778, "autocomplete": "'guide':3 'havard':2 'havard-guide':1", "title": "'guid':3A 'havard':2A 'havard-guid':1A", "body": ""}}, {"model": "wagtailsearch.indexentry", "pk": 29, "fields": {"content_type": 6, "object_id": "3", "title_norm": 2.0, "autocomplete": "'mla':1", "title": "'mla':1A", "body": ""}}, {"model": "wagtailsearch.indexentry", "pk": 31, "fields": {"content_type": 6, "object_id": "4", "title_norm": 0.7333333333333333, "autocomplete": "'apa':2 'apa-guide':1 'guide':3", "title": "'apa':2A 'apa-guid':1A 'guid':3A", "body": ""}}, {"model": "wagtailsearch.indexentry", "pk": 51, "fields": {"content_type": 6, "object_id": "5", "title_norm": 0.5333333333333333, "autocomplete": "'ccexpress':5 'happy':2 'happy-people-reading':1 'people':3 'reading':4", "title": "'ccexpress':5A 'happi':2A 'happy-people-read':1A 'peopl':3A 'read':4A", "body": ""}}, {"model": "wagtailsearch.indexentry", "pk": 53, "fields": {"content_type": 44, "object_id": "4", "title_norm": 2.4285714285714284, "autocomplete": "'about':1 'us':2", "title": "'us':2B", "body": ""}}, {"model": "wagtailsearch.indexentry", "pk": 56, "fields": {"content_type": 6, "object_id": "6", "title_norm": 2.25, "autocomplete": "'confidentiality':1", "title": "'confidenti':1A", "body": ""}}, {"model": "wagtailsearch.indexentry", "pk": 57, "fields": {"content_type": 6, "object_id": "7", "title_norm": 0.7777777777777778, "autocomplete": "'expert':2 'expert-writers':1 'writers':3", "title": "'expert':2A 'expert-writ':1A 'writer':3A", "body": ""}}, {"model": "wagtailsearch.indexentry", "pk": 58, "fields": {"content_type": 6, "object_id": "8", "title_norm": 0.8, "autocomplete": "'free':3 'plagiarism':2 'plagiarism-free':1", "title": "'free':3A 'plagiar':2A 'plagiarism-fre':1A", "body": ""}}, {"model": "wagtailsearch.indexentry", "pk": 59, "fields": {"content_type": 6, "object_id": "9", "title_norm": 0.8181818181818182, "autocomplete": "'quality':2 'quality-work':1 'work':3", "title": "'qualiti':2A 'quality-work':1A 'work':3A", "body": ""}}, {"model": "wagtailsearch.indexentry", "pk": 64, "fields": {"content_type": 48, "object_id": "5", "title_norm": 2.3333333333333335, "autocomplete": "'samples':1", "title": "'sampl':1B", "body": ""}}, {"model": "wagtailsearch.indexentry", "pk": 67, "fields": {"content_type": 45, "object_id": "6", "title_norm": 0.7948717948717948, "autocomplete": "'distance':1 'education':2,5 'in':3 'nurse':4", "title": "'distanc':1B 'educ':2B,5B 'nurs':4B", "body": ""}}, {"model": "wagtailsearch.indexentry", "pk": 72, "fields": {"content_type": 56, "object_id": "7", "title_norm": 1.1785714285714286, "autocomplete": "'policy':2 'privacy':1", "title": "'polici':2B 'privaci':1B", "body": ""}}, {"model": "wagtailcore.locale", "pk": 1, "fields": {"language_code": "en"}}, {"model": "wagtailcore.site", "pk": 2, "fields": {"hostname": "localhost", "port": 80, "site_name": "", "root_page": 3, "is_default_site": true}}, {"model": "wagtailcore.modellogentry", "pk": 1, "fields": {"content_type": 46, "label": "Joseph Joseph", "action": "wagtail.create", "data_json": "\"\"", "timestamp": "2022-04-20T20:09:40.044Z", "uuid": "be585ae0-2b45-4015-900e-5042928a340d", "user": 1, "content_changed": false, "deleted": false, "object_id": "2"}}, {"model": "wagtailcore.modellogentry", "pk": 2, "fields": {"content_type": 46, "label": "Joseph Maina", "action": "wagtail.edit", "data_json": "\"\"", "timestamp": "2022-04-20T20:10:11.841Z", "uuid": "5d0dea76-8c08-4843-a9be-c3114af6cce4", "user": 1, "content_changed": false, "deleted": false, "object_id": "2"}}, {"model": "wagtailcore.modellogentry", "pk": 3, "fields": {"content_type": 49, "label": "ArticleCategory object (1)", "action": "wagtail.create", "data_json": "\"\"", "timestamp": "2022-04-20T20:53:43.612Z", "uuid": "3883081b-85a5-4f26-bdeb-fb6e61fcaa18", "user": 1, "content_changed": false, "deleted": false, "object_id": "1"}}, {"model": "wagtailcore.modellogentry", "pk": 4, "fields": {"content_type": 49, "label": "Powerpoint Presentations", "action": "wagtail.create", "data_json": "\"\"", "timestamp": "2022-04-20T20:55:17.748Z", "uuid": "8f68f77a-524c-4cee-9195-86dc4a022e70", "user": 1, "content_changed": false, "deleted": false, "object_id": "2"}}, {"model": "wagtailcore.modellogentry", "pk": 5, "fields": {"content_type": 53, "label": "Site manger setting for localhost [default]", "action": "wagtail.edit", "data_json": "\"\"", "timestamp": "2022-04-21T08:48:19.586Z", "uuid": "4229f868-64de-4fc5-8e9b-22a87382c154", "user": 1, "content_changed": false, "deleted": false, "object_id": "1"}}, {"model": "wagtailcore.modellogentry", "pk": 6, "fields": {"content_type": 53, "label": "Site manger setting for localhost [default]", "action": "wagtail.edit", "data_json": "\"\"", "timestamp": "2022-04-21T08:49:34.935Z", "uuid": "b7d54598-9dc5-4b1f-9a85-8e2cab0bd1b9", "user": 1, "content_changed": false, "deleted": false, "object_id": "1"}}, {"model": "wagtailcore.modellogentry", "pk": 7, "fields": {"content_type": 54, "label": "The Nursing Ace", "action": "wagtail.create", "data_json": "\"\"", "timestamp": "2022-04-21T15:01:37.492Z", "uuid": "3372e3f6-aecd-44e7-bcca-56b1826f9ba4", "user": 1, "content_changed": false, "deleted": false, "object_id": "1"}}, {"model": "wagtailcore.modellogentry", "pk": 8, "fields": {"content_type": 57, "label": "julius@cannyva.com", "action": "wagtail.create", "data_json": "\"\"", "timestamp": "2022-04-21T23:23:46.245Z", "uuid": "b7181d19-0b63-48f1-8a18-d03b7df2a2cb", "user": 1, "content_changed": false, "deleted": false, "object_id": "1"}}, {"model": "wagtailcore.modellogentry", "pk": 9, "fields": {"content_type": 57, "label": "pkiura@cannyva.com", "action": "wagtail.create", "data_json": "\"\"", "timestamp": "2022-04-21T23:24:02.098Z", "uuid": "0d556e5d-ee97-45d0-bb2a-6ae74e5d1be8", "user": 1, "content_changed": false, "deleted": false, "object_id": "2"}}, {"model": "wagtailcore.collection", "pk": 1, "fields": {"path": "0001", "depth": 1, "numchild": 0, "name": "Root"}}, {"model": "wagtailcore.groupcollectionpermission", "pk": 1, "fields": {"group": 1, "collection": 1, "permission": 2}}, {"model": "wagtailcore.groupcollectionpermission", "pk": 2, "fields": {"group": 2, "collection": 1, "permission": 2}}, {"model": "wagtailcore.groupcollectionpermission", "pk": 3, "fields": {"group": 1, "collection": 1, "permission": 3}}, {"model": "wagtailcore.groupcollectionpermission", "pk": 4, "fields": {"group": 2, "collection": 1, "permission": 3}}, {"model": "wagtailcore.groupcollectionpermission", "pk": 5, "fields": {"group": 1, "collection": 1, "permission": 5}}, {"model": "wagtailcore.groupcollectionpermission", "pk": 6, "fields": {"group": 2, "collection": 1, "permission": 5}}, {"model": "wagtailcore.groupcollectionpermission", "pk": 7, "fields": {"group": 1, "collection": 1, "permission": 6}}, {"model": "wagtailcore.groupcollectionpermission", "pk": 8, "fields": {"group": 2, "collection": 1, "permission": 6}}, {"model": "wagtailcore.groupcollectionpermission", "pk": 9, "fields": {"group": 1, "collection": 1, "permission": 7}}, {"model": "wagtailcore.groupcollectionpermission", "pk": 10, "fields": {"group": 2, "collection": 1, "permission": 7}}, {"model": "wagtailcore.groupcollectionpermission", "pk": 11, "fields": {"group": 1, "collection": 1, "permission": 9}}, {"model": "wagtailcore.groupcollectionpermission", "pk": 12, "fields": {"group": 2, "collection": 1, "permission": 9}}, {"model": "wagtailcore.page", "pk": 1, "fields": {"path": "0001", "depth": 1, "numchild": 1, "translation_key": "25e87863-44d3-4187-b72c-88f5935fb758", "locale": 1, "title": "Root", "draft_title": "Root", "slug": "root", "content_type": 1, "live": true, "has_unpublished_changes": false, "url_path": "/", "owner": null, "seo_title": "", "show_in_menus": false, "search_description": "", "go_live_at": null, "expire_at": null, "expired": false, "locked": false, "locked_at": null, "locked_by": null, "first_published_at": null, "last_published_at": null, "latest_revision_created_at": null, "live_revision": null, "alias_of": null}}, {"model": "wagtailcore.page", "pk": 3, "fields": {"path": "00010001", "depth": 2, "numchild": 4, "translation_key": "17387280-625c-4807-88c7-96830c31635b", "locale": 1, "title": "Home", "draft_title": "Home", "slug": "home", "content_type": 2, "live": true, "has_unpublished_changes": false, "url_path": "/home/", "owner": null, "seo_title": "The Nursing Ace", "show_in_menus": true, "search_description": "Welcome to Nursing Ace website", "go_live_at": null, "expire_at": null, "expired": false, "locked": false, "locked_at": null, "locked_by": null, "first_published_at": "2022-04-16T23:06:54.322Z", "last_published_at": "2022-04-20T18:06:07.021Z", "latest_revision_created_at": "2022-04-20T18:06:04.949Z", "live_revision": 24, "alias_of": null}}, {"model": "wagtailcore.page", "pk": 4, "fields": {"path": "000100010001", "depth": 3, "numchild": 0, "translation_key": "346ce0c0-d3a0-4bdf-8879-e50bc5b84114", "locale": 1, "title": "About Us", "draft_title": "About Us", "slug": "about-us", "content_type": 44, "live": true, "has_unpublished_changes": false, "url_path": "/home/about-us/", "owner": 1, "seo_title": "", "show_in_menus": false, "search_description": "", "go_live_at": null, "expire_at": null, "expired": false, "locked": false, "locked_at": null, "locked_by": null, "first_published_at": "2022-04-20T09:31:29.143Z", "last_published_at": "2022-04-20T09:31:29.143Z", "latest_revision_created_at": "2022-04-20T09:31:28.647Z", "live_revision": 22, "alias_of": null}}, {"model": "wagtailcore.page", "pk": 5, "fields": {"path": "000100010002", "depth": 3, "numchild": 1, "translation_key": "de2531af-f1f1-42c1-ac2a-ac5b77781f66", "locale": 1, "title": "Samples", "draft_title": "Samples", "slug": "samples", "content_type": 48, "live": true, "has_unpublished_changes": false, "url_path": "/home/samples/", "owner": 1, "seo_title": "", "show_in_menus": false, "search_description": "", "go_live_at": null, "expire_at": null, "expired": false, "locked": false, "locked_at": null, "locked_by": null, "first_published_at": "2022-04-20T20:15:31.659Z", "last_published_at": "2022-04-20T20:15:31.659Z", "latest_revision_created_at": "2022-04-20T20:15:31.114Z", "live_revision": 25, "alias_of": null}}, {"model": "wagtailcore.page", "pk": 6, "fields": {"path": "0001000100020001", "depth": 4, "numchild": 0, "translation_key": "83c83ebe-cd6e-4c52-9d11-c5cedd8cc24e", "locale": 1, "title": "Distance education in Nurse Education", "draft_title": "Distance education in Nurse Education", "slug": "distance-education-in-nurse-education", "content_type": 45, "live": true, "has_unpublished_changes": false, "url_path": "/home/samples/distance-education-in-nurse-education/", "owner": 1, "seo_title": "", "show_in_menus": false, "search_description": "", "go_live_at": null, "expire_at": null, "expired": false, "locked": false, "locked_at": null, "locked_by": null, "first_published_at": "2022-04-20T22:49:46.789Z", "last_published_at": "2022-04-20T23:53:10.245Z", "latest_revision_created_at": "2022-04-20T23:53:07.887Z", "live_revision": 27, "alias_of": null}}, {"model": "wagtailcore.page", "pk": 7, "fields": {"path": "000100010003", "depth": 3, "numchild": 0, "translation_key": "92135c88-aaca-45d5-bf23-e601982d34f9", "locale": 1, "title": "Privacy Policy", "draft_title": "Privacy Policy", "slug": "privacy-policy", "content_type": 56, "live": true, "has_unpublished_changes": false, "url_path": "/home/privacy-policy/", "owner": 1, "seo_title": "", "show_in_menus": false, "search_description": "", "go_live_at": null, "expire_at": null, "expired": false, "locked": false, "locked_at": null, "locked_by": null, "first_published_at": "2022-04-21T16:08:00.692Z", "last_published_at": "2022-04-21T16:17:46.331Z", "latest_revision_created_at": "2022-04-21T16:17:45.451Z", "live_revision": 29, "alias_of": null}}, {"model": "wagtailcore.pagerevision", "pk": 1, "fields": {"page": 3, "submitted_for_moderation": false, "created_at": "2022-04-16T23:06:53.162Z", "user": 1, "content_json": "{\"pk\": 3, \"path\": \"00010001\", \"depth\": 2, \"numchild\": 0, \"translation_key\": \"17387280-625c-4807-88c7-96830c31635b\", \"locale\": 1, \"title\": \"Home\", \"draft_title\": \"Home\", \"slug\": \"home\", \"content_type\": 2, \"live\": true, \"has_unpublished_changes\": false, \"url_path\": \"/home/\", \"owner\": null, \"seo_title\": \"\", \"show_in_menus\": false, \"search_description\": \"\", \"go_live_at\": null, \"expire_at\": null, \"expired\": false, \"locked\": false, \"locked_at\": null, \"locked_by\": null, \"first_published_at\": null, \"last_published_at\": null, \"latest_revision_created_at\": null, \"live_revision\": null, \"alias_of\": null, \"banner_title\": \"The Nursing Ace, Your Medical Essay Writers\", \"wagtail_admin_comments\": []}", "approved_go_live_at": null}}, {"model": "wagtailcore.pagerevision", "pk": 2, "fields": {"page": 3, "submitted_for_moderation": false, "created_at": "2022-04-16T23:30:37.994Z", "user": 1, "content_json": "{\"pk\": 3, \"path\": \"00010001\", \"depth\": 2, \"numchild\": 0, \"translation_key\": \"17387280-625c-4807-88c7-96830c31635b\", \"locale\": 1, \"title\": \"Home\", \"draft_title\": \"Home\", \"slug\": \"home\", \"content_type\": 2, \"live\": true, \"has_unpublished_changes\": false, \"url_path\": \"/home/\", \"owner\": null, \"seo_title\": \"\", \"show_in_menus\": false, \"search_description\": \"\", \"go_live_at\": null, \"expire_at\": null, \"expired\": false, \"locked\": false, \"locked_at\": null, \"locked_by\": null, \"first_published_at\": \"2022-04-16T23:06:54.322Z\", \"last_published_at\": \"2022-04-16T23:06:54.322Z\", \"latest_revision_created_at\": \"2022-04-16T23:06:53.162Z\", \"live_revision\": 1, \"alias_of\": null, \"banner_title\": \"The Nursing Ace, Your Medical Essay Writers\", \"banner_description\": \"Nursing Ace comprises of competent and knowledgeable writers in a wide range of medical writing tasks and research to suit your individual and academic needs.\", \"wagtail_admin_comments\": []}", "approved_go_live_at": null}}, {"model": "wagtailcore.pagerevision", "pk": 3, "fields": {"page": 3, "submitted_for_moderation": false, "created_at": "2022-04-17T00:32:44.174Z", "user": 1, "content_json": "{\"pk\": 3, \"path\": \"00010001\", \"depth\": 2, \"numchild\": 0, \"translation_key\": \"17387280-625c-4807-88c7-96830c31635b\", \"locale\": 1, \"title\": \"Home\", \"draft_title\": \"Home\", \"slug\": \"home\", \"content_type\": 2, \"live\": true, \"has_unpublished_changes\": false, \"url_path\": \"/home/\", \"owner\": null, \"seo_title\": \"The Nursing Ace\", \"show_in_menus\": true, \"search_description\": \"Welcome to Nursing Ace website\", \"go_live_at\": null, \"expire_at\": null, \"expired\": false, \"locked\": false, \"locked_at\": null, \"locked_by\": null, \"first_published_at\": \"2022-04-16T23:06:54.322Z\", \"last_published_at\": \"2022-04-16T23:30:38.670Z\", \"latest_revision_created_at\": \"2022-04-16T23:30:37.994Z\", \"live_revision\": 2, \"alias_of\": null, \"banner_title\": \"The Nursing Ace, Your Medical Essay Writers\", \"banner_description\": \"Nursing Ace comprises of competent and knowledgeable writers in a wide range of medical writing tasks and research to suit your individual and academic needs.\", \"banner_cta\": null, \"wagtail_admin_comments\": []}", "approved_go_live_at": null}}, {"model": "wagtailcore.pagerevision", "pk": 4, "fields": {"page": 3, "submitted_for_moderation": false, "created_at": "2022-04-17T06:23:18.587Z", "user": 1, "content_json": "{\"pk\": 3, \"path\": \"00010001\", \"depth\": 2, \"numchild\": 0, \"translation_key\": \"17387280-625c-4807-88c7-96830c31635b\", \"locale\": 1, \"title\": \"Home\", \"draft_title\": \"Home\", \"slug\": \"home\", \"content_type\": 2, \"live\": true, \"has_unpublished_changes\": false, \"url_path\": \"/home/\", \"owner\": null, \"seo_title\": \"The Nursing Ace\", \"show_in_menus\": true, \"search_description\": \"Welcome to Nursing Ace website\", \"go_live_at\": null, \"expire_at\": null, \"expired\": false, \"locked\": false, \"locked_at\": null, \"locked_by\": null, \"first_published_at\": \"2022-04-16T23:06:54.322Z\", \"last_published_at\": \"2022-04-17T00:32:46.062Z\", \"latest_revision_created_at\": \"2022-04-17T00:32:44.174Z\", \"live_revision\": 3, \"alias_of\": null, \"banner_title\": \"The Nursing Ace, Your Medical Essay Writers\", \"banner_description\": \"Nursing Ace comprises of competent and knowledgeable writers in a wide range of medical writing tasks and research to suit your individual and academic needs.\", \"banner_cta\": null, \"section_about\": \"[{\\\"type\\\": \\\"About_section\\\", \\\"value\\\": {\\\"eyebrow\\\": \\\"About us\\\", \\\"headline\\\": \\\"We have 35 years of experience in repair services\\\", \\\"description\\\": \\\"\\\"}, \\\"id\\\": \\\"29b85696-4abe-41b9-a8c3-ef00d3a80dff\\\"}]\", \"wagtail_admin_comments\": []}", "approved_go_live_at": null}}, {"model": "wagtailcore.pagerevision", "pk": 5, "fields": {"page": 3, "submitted_for_moderation": false, "created_at": "2022-04-17T19:48:45.967Z", "user": 1, "content_json": "{\"pk\": 3, \"path\": \"00010001\", \"depth\": 2, \"numchild\": 0, \"translation_key\": \"17387280-625c-4807-88c7-96830c31635b\", \"locale\": 1, \"title\": \"Home\", \"draft_title\": \"Home\", \"slug\": \"home\", \"content_type\": 2, \"live\": true, \"has_unpublished_changes\": false, \"url_path\": \"/home/\", \"owner\": null, \"seo_title\": \"The Nursing Ace\", \"show_in_menus\": true, \"search_description\": \"Welcome to Nursing Ace website\", \"go_live_at\": null, \"expire_at\": null, \"expired\": false, \"locked\": false, \"locked_at\": null, \"locked_by\": null, \"first_published_at\": \"2022-04-16T23:06:54.322Z\", \"last_published_at\": \"2022-04-17T06:23:20.222Z\", \"latest_revision_created_at\": \"2022-04-17T06:23:18.587Z\", \"live_revision\": 4, \"alias_of\": null, \"search_image\": null, \"banner_title\": \"The Nursing Ace, Your Medical Essay Writers\", \"banner_description\": \"Nursing Ace comprises of competent and knowledgeable writers in a wide range of medical writing tasks and research to suit your individual and academic needs.\", \"banner_cta\": null, \"section_about\": \"[{\\\"type\\\": \\\"About_section\\\", \\\"value\\\": {\\\"eyebrow\\\": \\\"About us\\\", \\\"headline\\\": \\\"We have 35 years of experience in repair services\\\", \\\"description\\\": \\\"\\\"}, \\\"id\\\": \\\"29b85696-4abe-41b9-a8c3-ef00d3a80dff\\\"}]\", \"section_about_content\": \"[{\\\"type\\\": \\\"About_section_content\\\", \\\"value\\\": {\\\"description\\\": \\\"<p data-block-key=\\\\\\\"15owo\\\\\\\">The Nursing Ace comprises competent and knowledgeable writers in a wide range of medical writing tasks and research to suit your individual and academic needs. Throughout our coaching experience, you will acquire the confidence, tools and assistance to enable you to succeed in your respective nursing program.</p><ul><li data-block-key=\\\\\\\"dapgr\\\\\\\">Buy Essay</li><li data-block-key=\\\\\\\"3pgck\\\\\\\">Academic Writing</li><li data-block-key=\\\\\\\"bpaud\\\\\\\">Services Editing</li><li data-block-key=\\\\\\\"cb16k\\\\\\\">Services Dissertation</li><li data-block-key=\\\\\\\"8clej\\\\\\\">Writing Research</li><li data-block-key=\\\\\\\"1n9c8\\\\\\\">Paper Writing Term</li><li data-block-key=\\\\\\\"de8gg\\\\\\\">Paper Writing</li><li data-block-key=\\\\\\\"1fsc3\\\\\\\">Thesis Writing Services</li></ul>\\\", \\\"image\\\": 1}, \\\"id\\\": \\\"82549729-5eb9-439f-9987-20d8bef8da88\\\"}]\", \"wagtail_admin_comments\": []}", "approved_go_live_at": null}}, {"model": "wagtailcore.pagerevision", "pk": 6, "fields": {"page": 3, "submitted_for_moderation": false, "created_at": "2022-04-17T20:45:04.620Z", "user": 1, "content_json": "{\"pk\": 3, \"path\": \"00010001\", \"depth\": 2, \"numchild\": 0, \"translation_key\": \"17387280-625c-4807-88c7-96830c31635b\", \"locale\": 1, \"title\": \"Home\", \"draft_title\": \"Home\", \"slug\": \"home\", \"content_type\": 2, \"live\": true, \"has_unpublished_changes\": false, \"url_path\": \"/home/\", \"owner\": null, \"seo_title\": \"The Nursing Ace\", \"show_in_menus\": true, \"search_description\": \"Welcome to Nursing Ace website\", \"go_live_at\": null, \"expire_at\": null, \"expired\": false, \"locked\": false, \"locked_at\": null, \"locked_by\": null, \"first_published_at\": \"2022-04-16T23:06:54.322Z\", \"last_published_at\": \"2022-04-17T19:48:46.895Z\", \"latest_revision_created_at\": \"2022-04-17T19:48:45.967Z\", \"live_revision\": 5, \"alias_of\": null, \"search_image\": null, \"banner_title\": \"The Nursing Ace, Your Medical Essay Writers\", \"banner_description\": \"Nursing Ace comprises of competent and knowledgeable writers in a wide range of medical writing tasks and research to suit your individual and academic needs.\", \"banner_cta\": null, \"section_about\": \"[{\\\"type\\\": \\\"About_section\\\", \\\"value\\\": {\\\"eyebrow\\\": \\\"About us\\\", \\\"headline\\\": \\\"We have 35 years of experience in repair services\\\", \\\"description\\\": \\\"\\\"}, \\\"id\\\": \\\"29b85696-4abe-41b9-a8c3-ef00d3a80dff\\\"}]\", \"section_about_content\": \"[{\\\"type\\\": \\\"About_section_content\\\", \\\"value\\\": {\\\"description\\\": \\\"<p data-block-key=\\\\\\\"15owo\\\\\\\">The Nursing Ace comprises competent and knowledgeable writers in a wide range of medical writing tasks and research to suit your individual and academic needs. Throughout our coaching experience, you will acquire the confidence, tools and assistance to enable you to succeed in your respective nursing program.</p><ul><li data-block-key=\\\\\\\"dapgr\\\\\\\">Buy Essay</li><li data-block-key=\\\\\\\"3pgck\\\\\\\">Academic Writing</li><li data-block-key=\\\\\\\"bpaud\\\\\\\">Services Editing</li><li data-block-key=\\\\\\\"cb16k\\\\\\\">Services Dissertation</li><li data-block-key=\\\\\\\"8clej\\\\\\\">Writing Research</li><li data-block-key=\\\\\\\"1n9c8\\\\\\\">Paper Writing Term</li><li data-block-key=\\\\\\\"de8gg\\\\\\\">Paper Writing</li><li data-block-key=\\\\\\\"1fsc3\\\\\\\">Thesis Writing Services</li></ul>\\\", \\\"image\\\": 1}, \\\"id\\\": \\\"82549729-5eb9-439f-9987-20d8bef8da88\\\"}]\", \"core_features\": \"[{\\\"type\\\": \\\"section_core_section\\\", \\\"value\\\": {\\\"eyebrow\\\": \\\"\\\", \\\"headline\\\": \\\"Our Core features\\\", \\\"description\\\": \\\"<p data-block-key=\\\\\\\"3trl5\\\\\\\">We ensure that you are getting the best service. Our clients not only get higher scores but also save 80% of their research time.</p>\\\"}, \\\"id\\\": \\\"1f3a1223-578a-4120-a49d-4f62642ba416\\\"}]\", \"wagtail_admin_comments\": []}", "approved_go_live_at": null}}, {"model": "wagtailcore.pagerevision", "pk": 7, "fields": {"page": 3, "submitted_for_moderation": false, "created_at": "2022-04-18T05:23:12.719Z", "user": 1, "content_json": "{\"pk\": 3, \"path\": \"00010001\", \"depth\": 2, \"numchild\": 0, \"translation_key\": \"17387280-625c-4807-88c7-96830c31635b\", \"locale\": 1, \"title\": \"Home\", \"draft_title\": \"Home\", \"slug\": \"home\", \"content_type\": 2, \"live\": true, \"has_unpublished_changes\": false, \"url_path\": \"/home/\", \"owner\": null, \"seo_title\": \"The Nursing Ace\", \"show_in_menus\": true, \"search_description\": \"Welcome to Nursing Ace website\", \"go_live_at\": null, \"expire_at\": null, \"expired\": false, \"locked\": false, \"locked_at\": null, \"locked_by\": null, \"first_published_at\": \"2022-04-16T23:06:54.322Z\", \"last_published_at\": \"2022-04-17T20:45:06.753Z\", \"latest_revision_created_at\": \"2022-04-17T20:45:04.620Z\", \"live_revision\": 6, \"alias_of\": null, \"search_image\": null, \"banner_title\": \"The Nursing Ace, Your Medical Essay Writers\", \"banner_description\": \"Nursing Ace comprises of competent and knowledgeable writers in a wide range of medical writing tasks and research to suit your individual and academic needs.\", \"banner_cta\": null, \"section_about\": \"[{\\\"type\\\": \\\"About_section\\\", \\\"value\\\": {\\\"eyebrow\\\": \\\"About us\\\", \\\"headline\\\": \\\"We are comprised of competent and knowledgeable writers\\\", \\\"description\\\": \\\"<p data-block-key=\\\\\\\"axr4a\\\\\\\">We are available to assist you in your ADN, BSN, master&#x27;s, and doctorate research and writing tasks, no matter the urgency and complexity.\\\\u00a0 \\\\u00a0\\\\u00a0</p>\\\"}, \\\"id\\\": \\\"29b85696-4abe-41b9-a8c3-ef00d3a80dff\\\"}]\", \"section_about_content\": \"[{\\\"type\\\": \\\"About_section_content\\\", \\\"value\\\": {\\\"description\\\": \\\"<p data-block-key=\\\\\\\"15owo\\\\\\\">The Nursing Ace comprises competent and knowledgeable writers in a wide range of medical writing tasks and research to suit your individual and academic needs. Throughout our coaching experience, you will acquire the confidence, tools and assistance to enable you to succeed in your respective nursing program.</p><ul><li data-block-key=\\\\\\\"dapgr\\\\\\\">Buy Essay</li><li data-block-key=\\\\\\\"3pgck\\\\\\\">Academic Writing</li><li data-block-key=\\\\\\\"bpaud\\\\\\\">Services Editing</li><li data-block-key=\\\\\\\"cb16k\\\\\\\">Services Dissertation</li><li data-block-key=\\\\\\\"8clej\\\\\\\">Writing Research</li><li data-block-key=\\\\\\\"1n9c8\\\\\\\">Paper Writing Term</li><li data-block-key=\\\\\\\"de8gg\\\\\\\">Paper Writing</li><li data-block-key=\\\\\\\"1fsc3\\\\\\\">Thesis Writing Services</li></ul>\\\", \\\"image\\\": 1}, \\\"id\\\": \\\"82549729-5eb9-439f-9987-20d8bef8da88\\\"}]\", \"core_features\": \"[{\\\"type\\\": \\\"section_core_section\\\", \\\"value\\\": {\\\"eyebrow\\\": \\\"Build for your nursing program\\\", \\\"headline\\\": \\\"Our Core features\\\", \\\"description\\\": \\\"<p data-block-key=\\\\\\\"yyz8q\\\\\\\">We believe that no matter how good you are in nursing practice,\\\\u00a0 our assistance in your writing and research tasks will make you even better.</p>\\\"}, \\\"id\\\": \\\"6ab0267f-26a3-4fc4-9ba6-f15cab1aad3c\\\"}]\", \"wagtail_admin_comments\": []}", "approved_go_live_at": null}}, {"model": "wagtailcore.pagerevision", "pk": 8, "fields": {"page": 3, "submitted_for_moderation": false, "created_at": "2022-04-18T05:35:59.936Z", "user": 1, "content_json": "{\"pk\": 3, \"path\": \"00010001\", \"depth\": 2, \"numchild\": 0, \"translation_key\": \"17387280-625c-4807-88c7-96830c31635b\", \"locale\": 1, \"title\": \"Home\", \"draft_title\": \"Home\", \"slug\": \"home\", \"content_type\": 2, \"live\": true, \"has_unpublished_changes\": false, \"url_path\": \"/home/\", \"owner\": null, \"seo_title\": \"The Nursing Ace\", \"show_in_menus\": true, \"search_description\": \"Welcome to Nursing Ace website\", \"go_live_at\": null, \"expire_at\": null, \"expired\": false, \"locked\": false, \"locked_at\": null, \"locked_by\": null, \"first_published_at\": \"2022-04-16T23:06:54.322Z\", \"last_published_at\": \"2022-04-18T05:23:14.399Z\", \"latest_revision_created_at\": \"2022-04-18T05:23:12.719Z\", \"live_revision\": 7, \"alias_of\": null, \"search_image\": null, \"banner_title\": \"The Nursing Ace, Your Medical Essay Writers\", \"banner_description\": \"Nursing Ace comprises of competent and knowledgeable writers in a wide range of medical writing tasks and research to suit your individual and academic needs.\", \"banner_cta\": null, \"section_about\": \"[{\\\"type\\\": \\\"About_section\\\", \\\"value\\\": {\\\"eyebrow\\\": \\\"About us\\\", \\\"headline\\\": \\\"We are comprised of competent and knowledgeable writers\\\", \\\"description\\\": \\\"<p data-block-key=\\\\\\\"axr4a\\\\\\\">We are available to assist you in your ADN, BSN, master&#x27;s, and doctorate research and writing tasks, no matter the urgency and complexity.\\\\u00a0 \\\\u00a0\\\\u00a0</p>\\\"}, \\\"id\\\": \\\"29b85696-4abe-41b9-a8c3-ef00d3a80dff\\\"}]\", \"section_about_content\": \"[{\\\"type\\\": \\\"About_section_content\\\", \\\"value\\\": {\\\"description\\\": \\\"<p data-block-key=\\\\\\\"15owo\\\\\\\">The Nursing Ace comprises competent and knowledgeable writers in a wide range of medical writing tasks and research to suit your individual and academic needs. Throughout our coaching experience, you will acquire the confidence, tools and assistance to enable you to succeed in your respective nursing program.</p><ul><li data-block-key=\\\\\\\"dapgr\\\\\\\">Buy Essay</li><li data-block-key=\\\\\\\"3pgck\\\\\\\">Academic Writing</li><li data-block-key=\\\\\\\"bpaud\\\\\\\">Services Editing</li><li data-block-key=\\\\\\\"cb16k\\\\\\\">Services Dissertation</li><li data-block-key=\\\\\\\"8clej\\\\\\\">Writing Research</li><li data-block-key=\\\\\\\"1n9c8\\\\\\\">Paper Writing Term</li><li data-block-key=\\\\\\\"de8gg\\\\\\\">Paper Writing</li><li data-block-key=\\\\\\\"1fsc3\\\\\\\">Thesis Writing Services</li></ul>\\\", \\\"image\\\": 1}, \\\"id\\\": \\\"82549729-5eb9-439f-9987-20d8bef8da88\\\"}]\", \"core_features\": \"[{\\\"type\\\": \\\"section_core_section\\\", \\\"value\\\": {\\\"eyebrow\\\": \\\"Build for your nursing program\\\", \\\"headline\\\": \\\"Our Core features\\\", \\\"description\\\": \\\"<p data-block-key=\\\\\\\"yyz8q\\\\\\\">We believe that no matter how good you are in nursing practice,\\\\u00a0 our assistance in your writing and research tasks will make you even better.</p>\\\"}, \\\"id\\\": \\\"6ab0267f-26a3-4fc4-9ba6-f15cab1aad3c\\\"}]\", \"core_features_cards\": \"[{\\\"type\\\": \\\"features_cards\\\", \\\"value\\\": {\\\"cards\\\": [{\\\"type\\\": \\\"item\\\", \\\"value\\\": {\\\"fontawesome\\\": \\\"clock-rotate-left\\\", \\\"headline\\\": \\\"24/7 Support\\\", \\\"description\\\": \\\"We are always available for your support. You're guaranteed assistance either by phone, email, or chat.\\\"}, \\\"id\\\": \\\"a0470f30-8d4b-40f6-905c-ecbde8c9127c\\\"}, {\\\"type\\\": \\\"item\\\", \\\"value\\\": {\\\"fontawesome\\\": \\\"eye-slash\\\", \\\"headline\\\": \\\"Anonymity\\\", \\\"description\\\": \\\"We care about the privacy of our clients and when you pay for essays, we will never share your personal information with any third parties or even paper writers.\\\"}, \\\"id\\\": \\\"7360b303-46f1-4d6b-9b17-cbedd01e1fbe\\\"}, {\\\"type\\\": \\\"item\\\", \\\"value\\\": {\\\"fontawesome\\\": \\\"infinity\\\", \\\"headline\\\": \\\"Unlimited & Free Edits\\\", \\\"description\\\": \\\"When you pay for essay writing, you have 30 days after the order was completed to ask our essay writers for free revisions, in case you need any.\\\"}, \\\"id\\\": \\\"2e48a07b-6b28-4bf3-8008-cb80f742ccd1\\\"}]}, \\\"id\\\": \\\"ccedba89-b503-42fb-9551-12606d9fb409\\\"}]\", \"wagtail_admin_comments\": []}", "approved_go_live_at": null}}, {"model": "wagtailcore.pagerevision", "pk": 9, "fields": {"page": 3, "submitted_for_moderation": false, "created_at": "2022-04-18T05:50:53.061Z", "user": 1, "content_json": "{\"pk\": 3, \"path\": \"00010001\", \"depth\": 2, \"numchild\": 0, \"translation_key\": \"17387280-625c-4807-88c7-96830c31635b\", \"locale\": 1, \"title\": \"Home\", \"draft_title\": \"Home\", \"slug\": \"home\", \"content_type\": 2, \"live\": true, \"has_unpublished_changes\": false, \"url_path\": \"/home/\", \"owner\": null, \"seo_title\": \"The Nursing Ace\", \"show_in_menus\": true, \"search_description\": \"Welcome to Nursing Ace website\", \"go_live_at\": null, \"expire_at\": null, \"expired\": false, \"locked\": false, \"locked_at\": null, \"locked_by\": null, \"first_published_at\": \"2022-04-16T23:06:54.322Z\", \"last_published_at\": \"2022-04-18T05:36:00.661Z\", \"latest_revision_created_at\": \"2022-04-18T05:35:59.936Z\", \"live_revision\": 8, \"alias_of\": null, \"search_image\": null, \"banner_title\": \"The Nursing Ace, Your Medical Essay Writers\", \"banner_description\": \"Nursing Ace comprises of competent and knowledgeable writers in a wide range of medical writing tasks and research to suit your individual and academic needs.\", \"banner_cta\": null, \"section_about\": \"[{\\\"type\\\": \\\"About_section\\\", \\\"value\\\": {\\\"eyebrow\\\": \\\"About us\\\", \\\"headline\\\": \\\"Hoemee for competent and knowledgeable writers\\\", \\\"description\\\": \\\"<p data-block-key=\\\\\\\"axr4a\\\\\\\">We are available to assist you in your ADN, BSN, master&#x27;s, and doctorate research and writing tasks, no matter the urgency and complexity.\\\\u00a0 \\\\u00a0\\\\u00a0</p>\\\"}, \\\"id\\\": \\\"29b85696-4abe-41b9-a8c3-ef00d3a80dff\\\"}]\", \"section_about_content\": \"[{\\\"type\\\": \\\"About_section_content\\\", \\\"value\\\": {\\\"description\\\": \\\"<p data-block-key=\\\\\\\"15owo\\\\\\\">The Nursing Ace comprises competent and knowledgeable writers in a wide range of medical writing tasks and research to suit your individual and academic needs. Throughout our coaching experience, you will acquire the confidence, tools and assistance to enable you to succeed in your respective nursing program.</p><ul><li data-block-key=\\\\\\\"dapgr\\\\\\\">Buy Essay</li><li data-block-key=\\\\\\\"3pgck\\\\\\\">Academic Writing</li><li data-block-key=\\\\\\\"bpaud\\\\\\\">Services Editing</li><li data-block-key=\\\\\\\"cb16k\\\\\\\">Services Dissertation</li><li data-block-key=\\\\\\\"8clej\\\\\\\">Writing Research</li><li data-block-key=\\\\\\\"1n9c8\\\\\\\">Paper Writing Term</li><li data-block-key=\\\\\\\"de8gg\\\\\\\">Paper Writing</li><li data-block-key=\\\\\\\"1fsc3\\\\\\\">Thesis Writing Services</li></ul>\\\", \\\"image\\\": 1}, \\\"id\\\": \\\"82549729-5eb9-439f-9987-20d8bef8da88\\\"}]\", \"core_features\": \"[{\\\"type\\\": \\\"section_core_section\\\", \\\"value\\\": {\\\"eyebrow\\\": \\\"Build for your nursing program\\\", \\\"headline\\\": \\\"Our Core features\\\", \\\"description\\\": \\\"<p data-block-key=\\\\\\\"yyz8q\\\\\\\">We believe that no matter how good you are in nursing practice,\\\\u00a0 our assistance in your writing and research tasks will make you even better.</p>\\\"}, \\\"id\\\": \\\"6ab0267f-26a3-4fc4-9ba6-f15cab1aad3c\\\"}]\", \"core_features_cards\": \"[{\\\"type\\\": \\\"features_cards\\\", \\\"value\\\": {\\\"cards\\\": [{\\\"type\\\": \\\"item\\\", \\\"value\\\": {\\\"fontawesome\\\": \\\"clock-rotate-left\\\", \\\"headline\\\": \\\"24/7 Support\\\", \\\"description\\\": \\\"We are always available for your support. You're guaranteed assistance either by phone, email, or chat.\\\"}, \\\"id\\\": \\\"a0470f30-8d4b-40f6-905c-ecbde8c9127c\\\"}, {\\\"type\\\": \\\"item\\\", \\\"value\\\": {\\\"fontawesome\\\": \\\"eye-slash\\\", \\\"headline\\\": \\\"Anonymity\\\", \\\"description\\\": \\\"We care about the privacy of our clients and when you pay for essays, we will never share your personal information with any third parties or even paper writers.\\\"}, \\\"id\\\": \\\"7360b303-46f1-4d6b-9b17-cbedd01e1fbe\\\"}, {\\\"type\\\": \\\"item\\\", \\\"value\\\": {\\\"fontawesome\\\": \\\"infinity\\\", \\\"headline\\\": \\\"Unlimited & Free Edits\\\", \\\"description\\\": \\\"When you pay for essay writing, you have 30 days after the order was completed to ask our essay writers for free revisions, in case you need any.\\\"}, \\\"id\\\": \\\"2e48a07b-6b28-4bf3-8008-cb80f742ccd1\\\"}]}, \\\"id\\\": \\\"ccedba89-b503-42fb-9551-12606d9fb409\\\"}]\", \"wagtail_admin_comments\": []}", "approved_go_live_at": null}}, {"model": "wagtailcore.pagerevision", "pk": 10, "fields": {"page": 3, "submitted_for_moderation": false, "created_at": "2022-04-18T10:10:48.527Z", "user": 1, "content_json": "{\"pk\": 3, \"path\": \"00010001\", \"depth\": 2, \"numchild\": 0, \"translation_key\": \"17387280-625c-4807-88c7-96830c31635b\", \"locale\": 1, \"title\": \"Home\", \"draft_title\": \"Home\", \"slug\": \"home\", \"content_type\": 2, \"live\": true, \"has_unpublished_changes\": false, \"url_path\": \"/home/\", \"owner\": null, \"seo_title\": \"The Nursing Ace\", \"show_in_menus\": true, \"search_description\": \"Welcome to Nursing Ace website\", \"go_live_at\": null, \"expire_at\": null, \"expired\": false, \"locked\": false, \"locked_at\": null, \"locked_by\": null, \"first_published_at\": \"2022-04-16T23:06:54.322Z\", \"last_published_at\": \"2022-04-18T05:50:53.790Z\", \"latest_revision_created_at\": \"2022-04-18T05:50:53.061Z\", \"live_revision\": 9, \"alias_of\": null, \"search_image\": null, \"banner_title\": \"The Nursing Ace, Your Medical Essay Writers\", \"banner_description\": \"Nursing Ace comprises of competent and knowledgeable writers in a wide range of medical writing tasks and research to suit your individual and academic needs.\", \"banner_cta\": null, \"section_about\": \"[{\\\"type\\\": \\\"About_section\\\", \\\"value\\\": {\\\"eyebrow\\\": \\\"About us\\\", \\\"headline\\\": \\\"Hoemee for competent and knowledgeable writers\\\", \\\"description\\\": \\\"<p data-block-key=\\\\\\\"axr4a\\\\\\\">We are available to assist you in your ADN, BSN, master&#x27;s, and doctorate research and writing tasks, no matter the urgency and complexity.\\\\u00a0 \\\\u00a0\\\\u00a0</p>\\\"}, \\\"id\\\": \\\"29b85696-4abe-41b9-a8c3-ef00d3a80dff\\\"}]\", \"about_bullet\": \"[{\\\"type\\\": \\\"about_bullet\\\", \\\"value\\\": \\\"Buy Essay\\\", \\\"id\\\": \\\"d3ab82ef-45b9-433f-988d-884d6c37b6da\\\"}, {\\\"type\\\": \\\"about_bullet\\\", \\\"value\\\": \\\"Academic Writing\\\", \\\"id\\\": \\\"94a6384a-6c8c-4792-b0ad-04ba40d08cf8\\\"}, {\\\"type\\\": \\\"about_bullet\\\", \\\"value\\\": \\\"Editing Services\\\", \\\"id\\\": \\\"1725c806-60f8-411f-b15f-6372aed9d7bf\\\"}, {\\\"type\\\": \\\"about_bullet\\\", \\\"value\\\": \\\"Dissertation Writing\\\", \\\"id\\\": \\\"e4bde57c-7509-4789-ba91-67fc533a29e9\\\"}, {\\\"type\\\": \\\"about_bullet\\\", \\\"value\\\": \\\"Term Paper Writing\\\", \\\"id\\\": \\\"a267ddca-7209-4ca9-98eb-97b17431cb67\\\"}, {\\\"type\\\": \\\"about_bullet\\\", \\\"value\\\": \\\"Thesis Writing\\\", \\\"id\\\": \\\"73fd981f-25b3-4f95-9a90-917796614aa6\\\"}]\", \"section_about_content\": \"[{\\\"type\\\": \\\"About_section_content\\\", \\\"value\\\": {\\\"description\\\": \\\"<p data-block-key=\\\\\\\"15owo\\\\\\\">The Nursing Ace comprises competent and knowledgeable writers in a wide range of medical writing tasks and research to suit your individual and academic needs. Throughout our coaching experience, you will acquire the confidence, tools and assistance to enable you to succeed in your respective nursing program.</p>\\\", \\\"image\\\": 1}, \\\"id\\\": \\\"82549729-5eb9-439f-9987-20d8bef8da88\\\"}]\", \"core_features\": \"[{\\\"type\\\": \\\"section_core_section\\\", \\\"value\\\": {\\\"eyebrow\\\": \\\"Build for your nursing program\\\", \\\"headline\\\": \\\"Our Core features\\\", \\\"description\\\": \\\"<p data-block-key=\\\\\\\"yyz8q\\\\\\\">We believe that no matter how good you are in nursing practice,\\\\u00a0 our assistance in your writing and research tasks will make you even better.</p>\\\"}, \\\"id\\\": \\\"6ab0267f-26a3-4fc4-9ba6-f15cab1aad3c\\\"}]\", \"core_features_cards\": \"[{\\\"type\\\": \\\"features_cards\\\", \\\"value\\\": {\\\"cards\\\": [{\\\"type\\\": \\\"item\\\", \\\"value\\\": {\\\"fontawesome\\\": \\\"clock-rotate-left\\\", \\\"headline\\\": \\\"24/7 Support\\\", \\\"description\\\": \\\"We are always available for your support. You're guaranteed assistance either by phone, email, or chat.\\\"}, \\\"id\\\": \\\"a0470f30-8d4b-40f6-905c-ecbde8c9127c\\\"}, {\\\"type\\\": \\\"item\\\", \\\"value\\\": {\\\"fontawesome\\\": \\\"eye-slash\\\", \\\"headline\\\": \\\"Anonymity\\\", \\\"description\\\": \\\"We care about the privacy of our clients and when you pay for essays, we will never share your personal information with any third parties or even paper writers.\\\"}, \\\"id\\\": \\\"7360b303-46f1-4d6b-9b17-cbedd01e1fbe\\\"}, {\\\"type\\\": \\\"item\\\", \\\"value\\\": {\\\"fontawesome\\\": \\\"infinity\\\", \\\"headline\\\": \\\"Unlimited & Free Edits\\\", \\\"description\\\": \\\"When you pay for essay writing, you have 30 days after the order was completed to ask our essay writers for free revisions, in case you need any.\\\"}, \\\"id\\\": \\\"2e48a07b-6b28-4bf3-8008-cb80f742ccd1\\\"}]}, \\\"id\\\": \\\"ccedba89-b503-42fb-9551-12606d9fb409\\\"}]\", \"wagtail_admin_comments\": []}", "approved_go_live_at": null}}, {"model": "wagtailcore.pagerevision", "pk": 11, "fields": {"page": 3, "submitted_for_moderation": false, "created_at": "2022-04-18T10:36:30.232Z", "user": 1, "content_json": "{\"pk\": 3, \"path\": \"00010001\", \"depth\": 2, \"numchild\": 0, \"translation_key\": \"17387280-625c-4807-88c7-96830c31635b\", \"locale\": 1, \"title\": \"Home\", \"draft_title\": \"Home\", \"slug\": \"home\", \"content_type\": 2, \"live\": true, \"has_unpublished_changes\": false, \"url_path\": \"/home/\", \"owner\": null, \"seo_title\": \"The Nursing Ace\", \"show_in_menus\": true, \"search_description\": \"Welcome to Nursing Ace website\", \"go_live_at\": null, \"expire_at\": null, \"expired\": false, \"locked\": false, \"locked_at\": null, \"locked_by\": null, \"first_published_at\": \"2022-04-16T23:06:54.322Z\", \"last_published_at\": \"2022-04-18T10:10:50.648Z\", \"latest_revision_created_at\": \"2022-04-18T10:10:48.527Z\", \"live_revision\": 10, \"alias_of\": null, \"search_image\": null, \"banner_title\": \"The Nursing Ace, Your Medical Essay Writers\", \"banner_description\": \"Nursing Ace comprises of competent and knowledgeable writers in a wide range of medical writing tasks and research to suit your individual and academic needs.\", \"banner_cta\": null, \"section_about\": \"[{\\\"type\\\": \\\"About_section\\\", \\\"value\\\": {\\\"eyebrow\\\": \\\"About us\\\", \\\"headline\\\": \\\"Hoemee for competent and knowledgeable writers\\\", \\\"description\\\": \\\"<p data-block-key=\\\\\\\"axr4a\\\\\\\">We are available to assist you in your ADN, BSN, master&#x27;s, and doctorate research and writing tasks, no matter the urgency and complexity.\\\\u00a0 \\\\u00a0\\\\u00a0</p>\\\"}, \\\"id\\\": \\\"29b85696-4abe-41b9-a8c3-ef00d3a80dff\\\"}]\", \"about_bullet\": \"[{\\\"type\\\": \\\"about_bullet\\\", \\\"value\\\": \\\"Buy Essay\\\", \\\"id\\\": \\\"d3ab82ef-45b9-433f-988d-884d6c37b6da\\\"}, {\\\"type\\\": \\\"about_bullet\\\", \\\"value\\\": \\\"Academic Writing\\\", \\\"id\\\": \\\"94a6384a-6c8c-4792-b0ad-04ba40d08cf8\\\"}, {\\\"type\\\": \\\"about_bullet\\\", \\\"value\\\": \\\"Editing Services\\\", \\\"id\\\": \\\"1725c806-60f8-411f-b15f-6372aed9d7bf\\\"}, {\\\"type\\\": \\\"about_bullet\\\", \\\"value\\\": \\\"Dissertation Writing\\\", \\\"id\\\": \\\"e4bde57c-7509-4789-ba91-67fc533a29e9\\\"}, {\\\"type\\\": \\\"about_bullet\\\", \\\"value\\\": \\\"Term Paper Writing\\\", \\\"id\\\": \\\"a267ddca-7209-4ca9-98eb-97b17431cb67\\\"}, {\\\"type\\\": \\\"about_bullet\\\", \\\"value\\\": \\\"Thesis Writing\\\", \\\"id\\\": \\\"73fd981f-25b3-4f95-9a90-917796614aa6\\\"}]\", \"section_about_content\": \"[{\\\"type\\\": \\\"description\\\", \\\"value\\\": \\\"<p data-block-key=\\\\\\\"gevo9\\\\\\\">The Nursing Ace comprises competent and knowledgeable writers in a wide range of medical writing tasks and research to suit your individual and academic needs.\\\\u00a0 Throughout our coaching experience, you will acquire the confidence, tools, and assistance to enable you to succeed in your respective nursing program.</p><p data-block-key=\\\\\\\"aursj\\\\\\\">We empower you to become the leader and nurse you desire. Our medical writing and coaching services are customized to your requirements, with great emphasis on <b>originality, confidentiality, punctuality, and exemplary academic rigor.\\\\u00a0</b></p>\\\", \\\"id\\\": \\\"af4d2cc5-3053-43e6-8b4e-0d5b09975684\\\"}]\", \"section_about_image\": 1, \"core_features\": \"[{\\\"type\\\": \\\"section_core_section\\\", \\\"value\\\": {\\\"eyebrow\\\": \\\"Build for your nursing program\\\", \\\"headline\\\": \\\"Our Core features\\\", \\\"description\\\": \\\"<p data-block-key=\\\\\\\"yyz8q\\\\\\\">We believe that no matter how good you are in nursing practice,\\\\u00a0 our assistance in your writing and research tasks will make you even better.</p>\\\"}, \\\"id\\\": \\\"6ab0267f-26a3-4fc4-9ba6-f15cab1aad3c\\\"}]\", \"core_features_cards\": \"[{\\\"type\\\": \\\"features_cards\\\", \\\"value\\\": {\\\"cards\\\": [{\\\"type\\\": \\\"item\\\", \\\"value\\\": {\\\"fontawesome\\\": \\\"clock-rotate-left\\\", \\\"headline\\\": \\\"24/7 Support\\\", \\\"description\\\": \\\"We are always available for your support. You're guaranteed assistance either by phone, email, or chat.\\\"}, \\\"id\\\": \\\"a0470f30-8d4b-40f6-905c-ecbde8c9127c\\\"}, {\\\"type\\\": \\\"item\\\", \\\"value\\\": {\\\"fontawesome\\\": \\\"eye-slash\\\", \\\"headline\\\": \\\"Anonymity\\\", \\\"description\\\": \\\"We care about the privacy of our clients and when you pay for essays, we will never share your personal information with any third parties or even paper writers.\\\"}, \\\"id\\\": \\\"7360b303-46f1-4d6b-9b17-cbedd01e1fbe\\\"}, {\\\"type\\\": \\\"item\\\", \\\"value\\\": {\\\"fontawesome\\\": \\\"infinity\\\", \\\"headline\\\": \\\"Unlimited & Free Edits\\\", \\\"description\\\": \\\"When you pay for essay writing, you have 30 days after the order was completed to ask our essay writers for free revisions, in case you need any.\\\"}, \\\"id\\\": \\\"2e48a07b-6b28-4bf3-8008-cb80f742ccd1\\\"}]}, \\\"id\\\": \\\"ccedba89-b503-42fb-9551-12606d9fb409\\\"}]\", \"wagtail_admin_comments\": []}", "approved_go_live_at": null}}, {"model": "wagtailcore.pagerevision", "pk": 12, "fields": {"page": 3, "submitted_for_moderation": false, "created_at": "2022-04-18T19:12:52.960Z", "user": 1, "content_json": "{\"pk\": 3, \"path\": \"00010001\", \"depth\": 2, \"numchild\": 0, \"translation_key\": \"17387280-625c-4807-88c7-96830c31635b\", \"locale\": 1, \"title\": \"Home\", \"draft_title\": \"Home\", \"slug\": \"home\", \"content_type\": 2, \"live\": true, \"has_unpublished_changes\": false, \"url_path\": \"/home/\", \"owner\": null, \"seo_title\": \"The Nursing Ace\", \"show_in_menus\": true, \"search_description\": \"Welcome to Nursing Ace website\", \"go_live_at\": null, \"expire_at\": null, \"expired\": false, \"locked\": false, \"locked_at\": null, \"locked_by\": null, \"first_published_at\": \"2022-04-16T23:06:54.322Z\", \"last_published_at\": \"2022-04-18T10:36:32.686Z\", \"latest_revision_created_at\": \"2022-04-18T10:36:30.232Z\", \"live_revision\": 11, \"alias_of\": null, \"search_image\": null, \"banner_title\": \"The Nursing Ace, Your Medical Essay Writers\", \"banner_description\": \"Nursing Ace comprises of competent and knowledgeable writers in a wide range of medical writing tasks and research to suit your individual and academic needs.\", \"banner_cta\": null, \"section_about\": \"[{\\\"type\\\": \\\"About_section\\\", \\\"value\\\": {\\\"eyebrow\\\": \\\"About us\\\", \\\"headline\\\": \\\"Hoemee for competent and knowledgeable writers\\\", \\\"description\\\": \\\"<p data-block-key=\\\\\\\"axr4a\\\\\\\">We are available to assist you in your ADN, BSN, master&#x27;s, and doctorate research and writing tasks, no matter the urgency and complexity.\\\\u00a0 \\\\u00a0\\\\u00a0</p>\\\"}, \\\"id\\\": \\\"29b85696-4abe-41b9-a8c3-ef00d3a80dff\\\"}]\", \"about_bullet\": \"[{\\\"type\\\": \\\"about_bullet\\\", \\\"value\\\": \\\"Buy Essay\\\", \\\"id\\\": \\\"d3ab82ef-45b9-433f-988d-884d6c37b6da\\\"}, {\\\"type\\\": \\\"about_bullet\\\", \\\"value\\\": \\\"Academic Writing\\\", \\\"id\\\": \\\"94a6384a-6c8c-4792-b0ad-04ba40d08cf8\\\"}, {\\\"type\\\": \\\"about_bullet\\\", \\\"value\\\": \\\"Editing Services\\\", \\\"id\\\": \\\"1725c806-60f8-411f-b15f-6372aed9d7bf\\\"}, {\\\"type\\\": \\\"about_bullet\\\", \\\"value\\\": \\\"Dissertation Writing\\\", \\\"id\\\": \\\"e4bde57c-7509-4789-ba91-67fc533a29e9\\\"}, {\\\"type\\\": \\\"about_bullet\\\", \\\"value\\\": \\\"Term Paper Writing\\\", \\\"id\\\": \\\"a267ddca-7209-4ca9-98eb-97b17431cb67\\\"}, {\\\"type\\\": \\\"about_bullet\\\", \\\"value\\\": \\\"Thesis Writing\\\", \\\"id\\\": \\\"73fd981f-25b3-4f95-9a90-917796614aa6\\\"}]\", \"section_about_content\": \"[{\\\"type\\\": \\\"description\\\", \\\"value\\\": \\\"<p data-block-key=\\\\\\\"gevo9\\\\\\\">The Nursing Ace comprises competent and knowledgeable writers in a wide range of medical writing tasks and research to suit your individual and academic needs.\\\\u00a0 Throughout our coaching experience, you will acquire the confidence, tools, and assistance to enable you to succeed in your respective nursing program.</p><p data-block-key=\\\\\\\"aursj\\\\\\\">We empower you to become the leader and nurse you desire. Our medical writing and coaching services are customized to your requirements, with great emphasis on <b>originality, confidentiality, punctuality, and exemplary academic rigor.\\\\u00a0</b></p>\\\", \\\"id\\\": \\\"af4d2cc5-3053-43e6-8b4e-0d5b09975684\\\"}]\", \"section_about_image\": 1, \"core_features\": \"[{\\\"type\\\": \\\"section_core_section\\\", \\\"value\\\": {\\\"eyebrow\\\": \\\"Build for your nursing program\\\", \\\"headline\\\": \\\"Our Core features\\\", \\\"description\\\": \\\"<p data-block-key=\\\\\\\"yyz8q\\\\\\\">We believe that no matter how good you are in nursing practice,\\\\u00a0 our assistance in your writing and research tasks will make you even better.</p>\\\"}, \\\"id\\\": \\\"6ab0267f-26a3-4fc4-9ba6-f15cab1aad3c\\\"}]\", \"core_features_cards\": \"[{\\\"type\\\": \\\"features_cards\\\", \\\"value\\\": {\\\"cards\\\": [{\\\"type\\\": \\\"item\\\", \\\"value\\\": {\\\"fontawesome\\\": \\\"clock-rotate-left\\\", \\\"headline\\\": \\\"24/7 Support\\\", \\\"description\\\": \\\"We are always available for your support. You're guaranteed assistance either by phone, email, or chat.\\\"}, \\\"id\\\": \\\"a0470f30-8d4b-40f6-905c-ecbde8c9127c\\\"}, {\\\"type\\\": \\\"item\\\", \\\"value\\\": {\\\"fontawesome\\\": \\\"eye-slash\\\", \\\"headline\\\": \\\"Anonymity\\\", \\\"description\\\": \\\"We care about the privacy of our clients and when you pay for essays, we will never share your personal information with any third parties or even paper writers.\\\"}, \\\"id\\\": \\\"7360b303-46f1-4d6b-9b17-cbedd01e1fbe\\\"}, {\\\"type\\\": \\\"item\\\", \\\"value\\\": {\\\"fontawesome\\\": \\\"infinity\\\", \\\"headline\\\": \\\"Unlimited & Free Edits\\\", \\\"description\\\": \\\"When you pay for essay writing, you have 30 days after the order was completed to ask our essay writers for free revisions, in case you need any.\\\"}, \\\"id\\\": \\\"2e48a07b-6b28-4bf3-8008-cb80f742ccd1\\\"}]}, \\\"id\\\": \\\"ccedba89-b503-42fb-9551-12606d9fb409\\\"}]\", \"citation_hub\": \"[{\\\"type\\\": \\\"citation_section\\\", \\\"value\\\": {\\\"eyebrow\\\": \\\"Citation Hub\\\", \\\"headline\\\": \\\"Get your paper cited in the citation style of your choice\\\", \\\"description\\\": \\\"\\\"}, \\\"id\\\": \\\"92af91db-2970-46eb-b939-d872bccaa2ac\\\"}]\", \"wagtail_admin_comments\": []}", "approved_go_live_at": null}}, {"model": "wagtailcore.pagerevision", "pk": 13, "fields": {"page": 3, "submitted_for_moderation": false, "created_at": "2022-04-18T20:29:24.963Z", "user": 1, "content_json": "{\"pk\": 3, \"path\": \"00010001\", \"depth\": 2, \"numchild\": 0, \"translation_key\": \"17387280-625c-4807-88c7-96830c31635b\", \"locale\": 1, \"title\": \"Home\", \"draft_title\": \"Home\", \"slug\": \"home\", \"content_type\": 2, \"live\": true, \"has_unpublished_changes\": false, \"url_path\": \"/home/\", \"owner\": null, \"seo_title\": \"The Nursing Ace\", \"show_in_menus\": true, \"search_description\": \"Welcome to Nursing Ace website\", \"go_live_at\": null, \"expire_at\": null, \"expired\": false, \"locked\": false, \"locked_at\": null, \"locked_by\": null, \"first_published_at\": \"2022-04-16T23:06:54.322Z\", \"last_published_at\": \"2022-04-18T19:12:55.185Z\", \"latest_revision_created_at\": \"2022-04-18T19:12:52.960Z\", \"live_revision\": 12, \"alias_of\": null, \"search_image\": null, \"banner_title\": \"The Nursing Ace, Your Medical Essay Writers\", \"banner_description\": \"Nursing Ace comprises of competent and knowledgeable writers in a wide range of medical writing tasks and research to suit your individual and academic needs.\", \"banner_cta\": null, \"section_about\": \"[{\\\"type\\\": \\\"About_section\\\", \\\"value\\\": {\\\"eyebrow\\\": \\\"About us\\\", \\\"headline\\\": \\\"Home for competent and knowledgeable writers\\\", \\\"description\\\": \\\"<p data-block-key=\\\\\\\"axr4a\\\\\\\">We are available to assist you in your ADN, BSN, master&#x27;s, and doctorate research and writing tasks, no matter the urgency and complexity.\\\\u00a0 \\\\u00a0\\\\u00a0</p>\\\"}, \\\"id\\\": \\\"29b85696-4abe-41b9-a8c3-ef00d3a80dff\\\"}]\", \"about_bullet\": \"[{\\\"type\\\": \\\"about_bullet\\\", \\\"value\\\": \\\"Buy Essay\\\", \\\"id\\\": \\\"d3ab82ef-45b9-433f-988d-884d6c37b6da\\\"}, {\\\"type\\\": \\\"about_bullet\\\", \\\"value\\\": \\\"Academic Writing\\\", \\\"id\\\": \\\"94a6384a-6c8c-4792-b0ad-04ba40d08cf8\\\"}, {\\\"type\\\": \\\"about_bullet\\\", \\\"value\\\": \\\"Editing Services\\\", \\\"id\\\": \\\"1725c806-60f8-411f-b15f-6372aed9d7bf\\\"}, {\\\"type\\\": \\\"about_bullet\\\", \\\"value\\\": \\\"Dissertation Writing\\\", \\\"id\\\": \\\"e4bde57c-7509-4789-ba91-67fc533a29e9\\\"}, {\\\"type\\\": \\\"about_bullet\\\", \\\"value\\\": \\\"Term Paper Writing\\\", \\\"id\\\": \\\"a267ddca-7209-4ca9-98eb-97b17431cb67\\\"}, {\\\"type\\\": \\\"about_bullet\\\", \\\"value\\\": \\\"Thesis Writing\\\", \\\"id\\\": \\\"73fd981f-25b3-4f95-9a90-917796614aa6\\\"}]\", \"section_about_content\": \"[{\\\"type\\\": \\\"description\\\", \\\"value\\\": \\\"<p data-block-key=\\\\\\\"gevo9\\\\\\\">The Nursing Ace comprises competent and knowledgeable writers in a wide range of medical writing tasks and research to suit your individual and academic needs.\\\\u00a0 Throughout our coaching experience, you will acquire the confidence, tools, and assistance to enable you to succeed in your respective nursing program.</p><p data-block-key=\\\\\\\"aursj\\\\\\\">We empower you to become the leader and nurse you desire. Our medical writing and coaching services are customized to your requirements, with great emphasis on <b>originality, confidentiality, punctuality, and exemplary academic rigor.\\\\u00a0</b></p>\\\", \\\"id\\\": \\\"af4d2cc5-3053-43e6-8b4e-0d5b09975684\\\"}]\", \"section_about_image\": 1, \"core_features\": \"[{\\\"type\\\": \\\"section_core_section\\\", \\\"value\\\": {\\\"eyebrow\\\": \\\"Build for your nursing program\\\", \\\"headline\\\": \\\"Our Core features\\\", \\\"description\\\": \\\"<p data-block-key=\\\\\\\"yyz8q\\\\\\\">We believe that no matter how good you are in nursing practice,\\\\u00a0 our assistance in your writing and research tasks will make you even better.</p>\\\"}, \\\"id\\\": \\\"6ab0267f-26a3-4fc4-9ba6-f15cab1aad3c\\\"}]\", \"core_features_cards\": \"[{\\\"type\\\": \\\"features_cards\\\", \\\"value\\\": {\\\"cards\\\": [{\\\"type\\\": \\\"item\\\", \\\"value\\\": {\\\"fontawesome\\\": \\\"clock-rotate-left\\\", \\\"headline\\\": \\\"24/7 Support\\\", \\\"description\\\": \\\"We are always available for your support. You're guaranteed assistance either by phone, email, or chat.\\\"}, \\\"id\\\": \\\"a0470f30-8d4b-40f6-905c-ecbde8c9127c\\\"}, {\\\"type\\\": \\\"item\\\", \\\"value\\\": {\\\"fontawesome\\\": \\\"eye-slash\\\", \\\"headline\\\": \\\"Anonymity\\\", \\\"description\\\": \\\"We care about the privacy of our clients and when you pay for essays, we will never share your personal information with any third parties or even paper writers.\\\"}, \\\"id\\\": \\\"7360b303-46f1-4d6b-9b17-cbedd01e1fbe\\\"}, {\\\"type\\\": \\\"item\\\", \\\"value\\\": {\\\"fontawesome\\\": \\\"infinity\\\", \\\"headline\\\": \\\"Unlimited & Free Edits\\\", \\\"description\\\": \\\"When you pay for essay writing, you have 30 days after the order was completed to ask our essay writers for free revisions, in case you need any.\\\"}, \\\"id\\\": \\\"2e48a07b-6b28-4bf3-8008-cb80f742ccd1\\\"}]}, \\\"id\\\": \\\"ccedba89-b503-42fb-9551-12606d9fb409\\\"}]\", \"citation_hub\": \"[{\\\"type\\\": \\\"citation_section\\\", \\\"value\\\": {\\\"eyebrow\\\": \\\"Citation Hub\\\", \\\"headline\\\": \\\"Get your paper cited in the citation style of your choice\\\", \\\"description\\\": \\\"\\\"}, \\\"id\\\": \\\"92af91db-2970-46eb-b939-d872bccaa2ac\\\"}]\", \"citation_styles\": \"[{\\\"type\\\": \\\"citationStyle\\\", \\\"value\\\": {\\\"eyebrow\\\": \\\"Harvard Style\\\", \\\"headline\\\": \\\"Harvard Format Citation Guide\\\", \\\"description\\\": \\\"<p data-block-key=\\\\\\\"s33ys\\\\\\\">This is a complete guide to Harvard in-text and reference list citations. This easy-to-use, comprehensive guide makes citing any source easy. Check out our other citation guides on\\\\u00a0APA\\\\u00a0and\\\\u00a0MLA 8\\\\u00a0referencing.</p>\\\", \\\"image\\\": 2}, \\\"id\\\": \\\"1792c78c-c2e3-419a-bb98-b716cec32f8d\\\"}, {\\\"type\\\": \\\"citationStyle\\\", \\\"value\\\": {\\\"eyebrow\\\": \\\"MLA Style\\\", \\\"headline\\\": \\\"MLA 8 Citation Guide\\\", \\\"description\\\": \\\"<p data-block-key=\\\\\\\"s33ys\\\\\\\">This is a complete guide to MLA 8 (Modern Language Association, 8th edition) in-text and reference list citations. This easy-to-use, comprehensive guide makes citing any source easy. Check out our other citation guides on\\\\u00a0APA\\\\u00a0and\\\\u00a0Harvard\\\\u00a0referencing.</p>\\\", \\\"image\\\": 3}, \\\"id\\\": \\\"e6a4b5cc-6823-4a33-bf92-8cad0b631cca\\\"}, {\\\"type\\\": \\\"citationStyle\\\", \\\"value\\\": {\\\"eyebrow\\\": \\\"APA Style\\\", \\\"headline\\\": \\\"APA Format Citation Guide\\\", \\\"description\\\": \\\"<p data-block-key=\\\\\\\"s33ys\\\\\\\">This is a complete guide to APA (American Psychological Association) in-text and reference list citations. This easy-to-use, comprehensive guide makes citing any source easy.\\\\u00a0</p>\\\", \\\"image\\\": 4}, \\\"id\\\": \\\"04147b97-1323-4615-9fc5-46a2ce31bae4\\\"}]\", \"wagtail_admin_comments\": []}", "approved_go_live_at": null}}, {"model": "wagtailcore.pagerevision", "pk": 14, "fields": {"page": 3, "submitted_for_moderation": false, "created_at": "2022-04-19T01:51:40.392Z", "user": 1, "content_json": "{\"pk\": 3, \"path\": \"00010001\", \"depth\": 2, \"numchild\": 0, \"translation_key\": \"17387280-625c-4807-88c7-96830c31635b\", \"locale\": 1, \"title\": \"Home\", \"draft_title\": \"Home\", \"slug\": \"home\", \"content_type\": 2, \"live\": true, \"has_unpublished_changes\": false, \"url_path\": \"/home/\", \"owner\": null, \"seo_title\": \"The Nursing Ace\", \"show_in_menus\": true, \"search_description\": \"Welcome to Nursing Ace website\", \"go_live_at\": null, \"expire_at\": null, \"expired\": false, \"locked\": false, \"locked_at\": null, \"locked_by\": null, \"first_published_at\": \"2022-04-16T23:06:54.322Z\", \"last_published_at\": \"2022-04-18T20:29:26.068Z\", \"latest_revision_created_at\": \"2022-04-18T20:29:24.963Z\", \"live_revision\": 13, \"alias_of\": null, \"search_image\": null, \"banner_title\": \"The Nursing Ace, Your Medical Essay Writers\", \"banner_description\": \"Nursing Ace comprises of competent and knowledgeable writers in a wide range of medical writing tasks and research to suit your individual and academic needs.\", \"banner_cta\": null, \"section_about\": \"[{\\\"type\\\": \\\"About_section\\\", \\\"value\\\": {\\\"eyebrow\\\": \\\"About us\\\", \\\"headline\\\": \\\"Home for competent and knowledgeable writers\\\", \\\"description\\\": \\\"<p data-block-key=\\\\\\\"axr4a\\\\\\\">We are available to assist you in your ADN, BSN, master&#x27;s, and doctorate research and writing tasks, no matter the urgency and complexity.\\\\u00a0 \\\\u00a0\\\\u00a0</p>\\\"}, \\\"id\\\": \\\"29b85696-4abe-41b9-a8c3-ef00d3a80dff\\\"}]\", \"about_bullet\": \"[{\\\"type\\\": \\\"about_bullet\\\", \\\"value\\\": \\\"Buy Essay\\\", \\\"id\\\": \\\"d3ab82ef-45b9-433f-988d-884d6c37b6da\\\"}, {\\\"type\\\": \\\"about_bullet\\\", \\\"value\\\": \\\"Academic Writing\\\", \\\"id\\\": \\\"94a6384a-6c8c-4792-b0ad-04ba40d08cf8\\\"}, {\\\"type\\\": \\\"about_bullet\\\", \\\"value\\\": \\\"Editing Services\\\", \\\"id\\\": \\\"1725c806-60f8-411f-b15f-6372aed9d7bf\\\"}, {\\\"type\\\": \\\"about_bullet\\\", \\\"value\\\": \\\"Dissertation Writing\\\", \\\"id\\\": \\\"e4bde57c-7509-4789-ba91-67fc533a29e9\\\"}, {\\\"type\\\": \\\"about_bullet\\\", \\\"value\\\": \\\"Term Paper Writing\\\", \\\"id\\\": \\\"a267ddca-7209-4ca9-98eb-97b17431cb67\\\"}, {\\\"type\\\": \\\"about_bullet\\\", \\\"value\\\": \\\"Thesis Writing\\\", \\\"id\\\": \\\"73fd981f-25b3-4f95-9a90-917796614aa6\\\"}]\", \"section_about_content\": \"[{\\\"type\\\": \\\"description\\\", \\\"value\\\": \\\"<p data-block-key=\\\\\\\"gevo9\\\\\\\">The Nursing Ace comprises competent and knowledgeable writers in a wide range of medical writing tasks and research to suit your individual and academic needs.\\\\u00a0 Throughout our coaching experience, you will acquire the confidence, tools, and assistance to enable you to succeed in your respective nursing program.</p><p data-block-key=\\\\\\\"aursj\\\\\\\">We empower you to become the leader and nurse you desire. Our medical writing and coaching services are customized to your requirements, with great emphasis on <b>originality, confidentiality, punctuality, and exemplary academic rigor.\\\\u00a0</b></p>\\\", \\\"id\\\": \\\"af4d2cc5-3053-43e6-8b4e-0d5b09975684\\\"}]\", \"section_about_image\": 1, \"core_features\": \"[{\\\"type\\\": \\\"section_core_section\\\", \\\"value\\\": {\\\"eyebrow\\\": \\\"Build for your nursing program\\\", \\\"headline\\\": \\\"Our Core features\\\", \\\"description\\\": \\\"<p data-block-key=\\\\\\\"yyz8q\\\\\\\">We believe that no matter how good you are in nursing practice,\\\\u00a0 our assistance in your writing and research tasks will make you even better.</p>\\\"}, \\\"id\\\": \\\"6ab0267f-26a3-4fc4-9ba6-f15cab1aad3c\\\"}]\", \"core_features_cards\": \"[{\\\"type\\\": \\\"features_cards\\\", \\\"value\\\": {\\\"cards\\\": [{\\\"type\\\": \\\"item\\\", \\\"value\\\": {\\\"fontawesome\\\": \\\"clock-rotate-left\\\", \\\"headline\\\": \\\"24/7 Support\\\", \\\"description\\\": \\\"We are always available for your support. You're guaranteed assistance either by phone, email, or chat.\\\"}, \\\"id\\\": \\\"a0470f30-8d4b-40f6-905c-ecbde8c9127c\\\"}, {\\\"type\\\": \\\"item\\\", \\\"value\\\": {\\\"fontawesome\\\": \\\"eye-slash\\\", \\\"headline\\\": \\\"Anonymity\\\", \\\"description\\\": \\\"We care about the privacy of our clients and when you pay for essays, we will never share your personal information with any third parties or even paper writers.\\\"}, \\\"id\\\": \\\"7360b303-46f1-4d6b-9b17-cbedd01e1fbe\\\"}, {\\\"type\\\": \\\"item\\\", \\\"value\\\": {\\\"fontawesome\\\": \\\"infinity\\\", \\\"headline\\\": \\\"Unlimited & Free Edits\\\", \\\"description\\\": \\\"When you pay for essay writing, you have 30 days after the order was completed to ask our essay writers for free revisions, in case you need any.\\\"}, \\\"id\\\": \\\"2e48a07b-6b28-4bf3-8008-cb80f742ccd1\\\"}]}, \\\"id\\\": \\\"ccedba89-b503-42fb-9551-12606d9fb409\\\"}]\", \"citation_hub\": \"[{\\\"type\\\": \\\"citation_section\\\", \\\"value\\\": {\\\"eyebrow\\\": \\\"Citation Hub\\\", \\\"headline\\\": \\\"Get your paper cited in the citation style of your choice\\\", \\\"description\\\": \\\"\\\"}, \\\"id\\\": \\\"92af91db-2970-46eb-b939-d872bccaa2ac\\\"}]\", \"citation_styles\": \"[{\\\"type\\\": \\\"citationStyle\\\", \\\"value\\\": {\\\"eyebrow\\\": \\\"Harvard Style\\\", \\\"headline\\\": \\\"Harvard Format Citation Guide\\\", \\\"description\\\": \\\"<p data-block-key=\\\\\\\"s33ys\\\\\\\">This is a complete guide to Harvard in-text and reference list citations. This easy-to-use, comprehensive guide makes citing any source easy. Check out our other citation guides on\\\\u00a0APA\\\\u00a0and\\\\u00a0MLA 8\\\\u00a0referencing.</p><ul><li data-block-key=\\\\\\\"dj3r2\\\\\\\">A separate sheet at the end of the document.</li><li data-block-key=\\\\\\\"7o8hh\\\\\\\">References are organized well and alphabetically by author unless there is no author</li><li data-block-key=\\\\\\\"cp7oj\\\\\\\">Always double spaced with a blank line of space between each line of text</li><li data-block-key=\\\\\\\"c78ku\\\\\\\">Full references for all in-text references used.</li></ul>\\\", \\\"image\\\": 2}, \\\"id\\\": \\\"1792c78c-c2e3-419a-bb98-b716cec32f8d\\\"}, {\\\"type\\\": \\\"citationStyle\\\", \\\"value\\\": {\\\"eyebrow\\\": \\\"MLA Style\\\", \\\"headline\\\": \\\"MLA 8 Citation Guide\\\", \\\"description\\\": \\\"<p data-block-key=\\\\\\\"s33ys\\\\\\\">This is a complete guide to MLA 8 (Modern Language Association, 8th edition) in-text and reference list citations. This easy-to-use, comprehensive guide makes citing any source easy. Check out our other citation guides on\\\\u00a0APA\\\\u00a0and\\\\u00a0Harvard\\\\u00a0referencing.</p><ul><li data-block-key=\\\\\\\"d8vvo\\\\\\\">A separate sheet at the end of the document.</li><li data-block-key=\\\\\\\"2qlfe\\\\\\\">References are organized well and alphabetically by the author unless there is no author</li><li data-block-key=\\\\\\\"1f807\\\\\\\">Always double spaced with a blank line of space between each line of text</li><li data-block-key=\\\\\\\"e0kg9\\\\\\\">Full references for all in-text references used.</li></ul>\\\", \\\"image\\\": 3}, \\\"id\\\": \\\"e6a4b5cc-6823-4a33-bf92-8cad0b631cca\\\"}, {\\\"type\\\": \\\"citationStyle\\\", \\\"value\\\": {\\\"eyebrow\\\": \\\"APA Style\\\", \\\"headline\\\": \\\"APA Format Citation Guide\\\", \\\"description\\\": \\\"<p data-block-key=\\\\\\\"s33ys\\\\\\\">This is a complete guide to APA (American Psychological Association) in-text and reference list citations. This easy-to-use, comprehensive guide makes citing any source easy.\\\\u00a0</p><ul><li data-block-key=\\\\\\\"fj8vl\\\\\\\">A separate sheet at the end of the document.</li><li data-block-key=\\\\\\\"c4ha8\\\\\\\">References are organized well and alphabetically by author unless there is no author</li><li data-block-key=\\\\\\\"eht98\\\\\\\">Always double spaced with a blank line of space between each line of text</li><li data-block-key=\\\\\\\"ot60\\\\\\\">Full references for all in-text references used.</li></ul>\\\", \\\"image\\\": 4}, \\\"id\\\": \\\"04147b97-1323-4615-9fc5-46a2ce31bae4\\\"}]\", \"wagtail_admin_comments\": []}", "approved_go_live_at": null}}, {"model": "wagtailcore.pagerevision", "pk": 15, "fields": {"page": 3, "submitted_for_moderation": false, "created_at": "2022-04-19T01:53:50.505Z", "user": 1, "content_json": "{\"pk\": 3, \"path\": \"00010001\", \"depth\": 2, \"numchild\": 0, \"translation_key\": \"17387280-625c-4807-88c7-96830c31635b\", \"locale\": 1, \"title\": \"Home\", \"draft_title\": \"Home\", \"slug\": \"home\", \"content_type\": 2, \"live\": true, \"has_unpublished_changes\": false, \"url_path\": \"/home/\", \"owner\": null, \"seo_title\": \"The Nursing Ace\", \"show_in_menus\": true, \"search_description\": \"Welcome to Nursing Ace website\", \"go_live_at\": null, \"expire_at\": null, \"expired\": false, \"locked\": false, \"locked_at\": null, \"locked_by\": null, \"first_published_at\": \"2022-04-16T23:06:54.322Z\", \"last_published_at\": \"2022-04-19T01:51:42.155Z\", \"latest_revision_created_at\": \"2022-04-19T01:51:40.392Z\", \"live_revision\": 14, \"alias_of\": null, \"search_image\": null, \"banner_title\": \"The Nursing Ace, Your Medical Essay Writers\", \"banner_description\": \"Nursing Ace comprises of competent and knowledgeable writers in a wide range of medical writing tasks and research to suit your individual and academic needs.\", \"banner_cta\": null, \"section_about\": \"[{\\\"type\\\": \\\"About_section\\\", \\\"value\\\": {\\\"eyebrow\\\": \\\"About us\\\", \\\"headline\\\": \\\"Home for competent and knowledgeable writers\\\", \\\"description\\\": \\\"<p data-block-key=\\\\\\\"axr4a\\\\\\\">We are available to assist you in your ADN, BSN, master&#x27;s, and doctorate research and writing tasks, no matter the urgency and complexity.\\\\u00a0 \\\\u00a0\\\\u00a0</p>\\\"}, \\\"id\\\": \\\"29b85696-4abe-41b9-a8c3-ef00d3a80dff\\\"}]\", \"about_bullet\": \"[{\\\"type\\\": \\\"about_bullet\\\", \\\"value\\\": \\\"Buy Essay\\\", \\\"id\\\": \\\"d3ab82ef-45b9-433f-988d-884d6c37b6da\\\"}, {\\\"type\\\": \\\"about_bullet\\\", \\\"value\\\": \\\"Academic Writing\\\", \\\"id\\\": \\\"94a6384a-6c8c-4792-b0ad-04ba40d08cf8\\\"}, {\\\"type\\\": \\\"about_bullet\\\", \\\"value\\\": \\\"Editing Services\\\", \\\"id\\\": \\\"1725c806-60f8-411f-b15f-6372aed9d7bf\\\"}, {\\\"type\\\": \\\"about_bullet\\\", \\\"value\\\": \\\"Dissertation Writing\\\", \\\"id\\\": \\\"e4bde57c-7509-4789-ba91-67fc533a29e9\\\"}, {\\\"type\\\": \\\"about_bullet\\\", \\\"value\\\": \\\"Term Paper Writing\\\", \\\"id\\\": \\\"a267ddca-7209-4ca9-98eb-97b17431cb67\\\"}, {\\\"type\\\": \\\"about_bullet\\\", \\\"value\\\": \\\"Thesis Writing\\\", \\\"id\\\": \\\"73fd981f-25b3-4f95-9a90-917796614aa6\\\"}]\", \"section_about_content\": \"[{\\\"type\\\": \\\"description\\\", \\\"value\\\": \\\"<p data-block-key=\\\\\\\"gevo9\\\\\\\">The Nursing Ace comprises competent and knowledgeable writers in a wide range of medical writing tasks and research to suit your individual and academic needs.\\\\u00a0 Throughout our coaching experience, you will acquire the confidence, tools, and assistance to enable you to succeed in your respective nursing program.</p><p data-block-key=\\\\\\\"aursj\\\\\\\">We empower you to become the leader and nurse you desire. Our medical writing and coaching services are customized to your requirements, with great emphasis on <b>originality, confidentiality, punctuality, and exemplary academic rigor.\\\\u00a0</b></p>\\\", \\\"id\\\": \\\"af4d2cc5-3053-43e6-8b4e-0d5b09975684\\\"}]\", \"section_about_image\": 1, \"core_features\": \"[{\\\"type\\\": \\\"section_core_section\\\", \\\"value\\\": {\\\"eyebrow\\\": \\\"Build for your nursing program\\\", \\\"headline\\\": \\\"Our Core features\\\", \\\"description\\\": \\\"<p data-block-key=\\\\\\\"yyz8q\\\\\\\">We believe that no matter how good you are in nursing practice,\\\\u00a0 our assistance in your writing and research tasks will make you even better.</p>\\\"}, \\\"id\\\": \\\"6ab0267f-26a3-4fc4-9ba6-f15cab1aad3c\\\"}]\", \"core_features_cards\": \"[{\\\"type\\\": \\\"features_cards\\\", \\\"value\\\": {\\\"cards\\\": [{\\\"type\\\": \\\"item\\\", \\\"value\\\": {\\\"fontawesome\\\": \\\"clock-rotate-left\\\", \\\"headline\\\": \\\"24/7 Support\\\", \\\"description\\\": \\\"We are always available for your support. You're guaranteed assistance either by phone, email, or chat.\\\"}, \\\"id\\\": \\\"a0470f30-8d4b-40f6-905c-ecbde8c9127c\\\"}, {\\\"type\\\": \\\"item\\\", \\\"value\\\": {\\\"fontawesome\\\": \\\"eye-slash\\\", \\\"headline\\\": \\\"Anonymity\\\", \\\"description\\\": \\\"We care about the privacy of our clients and when you pay for essays, we will never share your personal information with any third parties or even paper writers.\\\"}, \\\"id\\\": \\\"7360b303-46f1-4d6b-9b17-cbedd01e1fbe\\\"}, {\\\"type\\\": \\\"item\\\", \\\"value\\\": {\\\"fontawesome\\\": \\\"infinity\\\", \\\"headline\\\": \\\"Unlimited & Free Edits\\\", \\\"description\\\": \\\"When you pay for essay writing, you have 30 days after the order was completed to ask our essay writers for free revisions, in case you need any.\\\"}, \\\"id\\\": \\\"2e48a07b-6b28-4bf3-8008-cb80f742ccd1\\\"}]}, \\\"id\\\": \\\"ccedba89-b503-42fb-9551-12606d9fb409\\\"}]\", \"citation_hub\": \"[{\\\"type\\\": \\\"citation_section\\\", \\\"value\\\": {\\\"eyebrow\\\": \\\"Citation Hub\\\", \\\"headline\\\": \\\"Get your paper cited in the citation style of your choice\\\", \\\"description\\\": \\\"\\\"}, \\\"id\\\": \\\"92af91db-2970-46eb-b939-d872bccaa2ac\\\"}]\", \"citation_styles\": \"[{\\\"type\\\": \\\"citationStyle\\\", \\\"value\\\": {\\\"eyebrow\\\": \\\"Harvard Style\\\", \\\"headline\\\": \\\"Harvard Format Citation Guide\\\", \\\"description\\\": \\\"<p data-block-key=\\\\\\\"s33ys\\\\\\\">This is a complete guide to Harvard in-text and reference list citations. This easy-to-use, comprehensive guide makes citing any source easy. Check out our other citation guides on\\\\u00a0APA\\\\u00a0and\\\\u00a0MLA 8\\\\u00a0referencing.</p>\\\", \\\"image\\\": 2}, \\\"id\\\": \\\"1792c78c-c2e3-419a-bb98-b716cec32f8d\\\"}, {\\\"type\\\": \\\"citationStyle\\\", \\\"value\\\": {\\\"eyebrow\\\": \\\"MLA Style\\\", \\\"headline\\\": \\\"MLA 8 Citation Guide\\\", \\\"description\\\": \\\"<p data-block-key=\\\\\\\"s33ys\\\\\\\">This is a complete guide to MLA 8 (Modern Language Association, 8th edition) in-text and reference list citations. This easy-to-use, comprehensive guide makes citing any source easy. Check out our other citation guides on\\\\u00a0APA\\\\u00a0and\\\\u00a0Harvard\\\\u00a0referencing.</p>\\\", \\\"image\\\": 3}, \\\"id\\\": \\\"e6a4b5cc-6823-4a33-bf92-8cad0b631cca\\\"}, {\\\"type\\\": \\\"citationStyle\\\", \\\"value\\\": {\\\"eyebrow\\\": \\\"APA Style\\\", \\\"headline\\\": \\\"APA Format Citation Guide\\\", \\\"description\\\": \\\"<p data-block-key=\\\\\\\"s33ys\\\\\\\">This is a complete guide to APA (American Psychological Association) in-text and reference list citations. This easy-to-use, comprehensive guide makes citing any source easy.\\\\u00a0</p>\\\", \\\"image\\\": 4}, \\\"id\\\": \\\"04147b97-1323-4615-9fc5-46a2ce31bae4\\\"}]\", \"wagtail_admin_comments\": []}", "approved_go_live_at": null}}, {"model": "wagtailcore.pagerevision", "pk": 16, "fields": {"page": 3, "submitted_for_moderation": false, "created_at": "2022-04-20T00:38:05.554Z", "user": 1, "content_json": "{\"pk\": 3, \"path\": \"00010001\", \"depth\": 2, \"numchild\": 0, \"translation_key\": \"17387280-625c-4807-88c7-96830c31635b\", \"locale\": 1, \"title\": \"Home\", \"draft_title\": \"Home\", \"slug\": \"home\", \"content_type\": 2, \"live\": true, \"has_unpublished_changes\": false, \"url_path\": \"/home/\", \"owner\": null, \"seo_title\": \"The Nursing Ace\", \"show_in_menus\": true, \"search_description\": \"Welcome to Nursing Ace website\", \"go_live_at\": null, \"expire_at\": null, \"expired\": false, \"locked\": false, \"locked_at\": null, \"locked_by\": null, \"first_published_at\": \"2022-04-16T23:06:54.322Z\", \"last_published_at\": \"2022-04-19T01:53:51.349Z\", \"latest_revision_created_at\": \"2022-04-19T01:53:50.505Z\", \"live_revision\": 15, \"alias_of\": null, \"search_image\": null, \"banner_title\": \"The Nursing Ace, Your Medical Essay Writers\", \"banner_description\": \"Nursing Ace comprises of competent and knowledgeable writers in a wide range of medical writing tasks and research to suit your individual and academic needs.\", \"banner_cta\": null, \"section_about\": \"[{\\\"type\\\": \\\"About_section\\\", \\\"value\\\": {\\\"eyebrow\\\": \\\"About us\\\", \\\"headline\\\": \\\"Home for competent and knowledgeable writers\\\", \\\"description\\\": \\\"<p data-block-key=\\\\\\\"axr4a\\\\\\\">We are available to assist you in your ADN, BSN, master&#x27;s, and doctorate research and writing tasks, no matter the urgency and complexity.\\\\u00a0 \\\\u00a0\\\\u00a0</p>\\\"}, \\\"id\\\": \\\"29b85696-4abe-41b9-a8c3-ef00d3a80dff\\\"}]\", \"about_bullet\": \"[{\\\"type\\\": \\\"about_bullet\\\", \\\"value\\\": \\\"Buy Essay\\\", \\\"id\\\": \\\"d3ab82ef-45b9-433f-988d-884d6c37b6da\\\"}, {\\\"type\\\": \\\"about_bullet\\\", \\\"value\\\": \\\"Academic Writing\\\", \\\"id\\\": \\\"94a6384a-6c8c-4792-b0ad-04ba40d08cf8\\\"}, {\\\"type\\\": \\\"about_bullet\\\", \\\"value\\\": \\\"Editing Services\\\", \\\"id\\\": \\\"1725c806-60f8-411f-b15f-6372aed9d7bf\\\"}, {\\\"type\\\": \\\"about_bullet\\\", \\\"value\\\": \\\"Dissertation Writing\\\", \\\"id\\\": \\\"e4bde57c-7509-4789-ba91-67fc533a29e9\\\"}, {\\\"type\\\": \\\"about_bullet\\\", \\\"value\\\": \\\"Term Paper Writing\\\", \\\"id\\\": \\\"a267ddca-7209-4ca9-98eb-97b17431cb67\\\"}, {\\\"type\\\": \\\"about_bullet\\\", \\\"value\\\": \\\"Thesis Writing\\\", \\\"id\\\": \\\"73fd981f-25b3-4f95-9a90-917796614aa6\\\"}]\", \"section_about_content\": \"[{\\\"type\\\": \\\"description\\\", \\\"value\\\": \\\"<p data-block-key=\\\\\\\"gevo9\\\\\\\">The Nursing Ace comprises competent and knowledgeable writers in a wide range of medical writing tasks and research to suit your individual and academic needs.\\\\u00a0 Throughout our coaching experience, you will acquire the confidence, tools, and assistance to enable you to succeed in your respective nursing program.</p><p data-block-key=\\\\\\\"aursj\\\\\\\">We empower you to become the leader and nurse you desire. Our medical writing and coaching services are customized to your requirements, with great emphasis on <b>originality, confidentiality, punctuality, and exemplary academic rigor.\\\\u00a0</b></p>\\\", \\\"id\\\": \\\"af4d2cc5-3053-43e6-8b4e-0d5b09975684\\\"}]\", \"section_about_image\": 1, \"core_features\": \"[{\\\"type\\\": \\\"section_core_section\\\", \\\"value\\\": {\\\"eyebrow\\\": \\\"Build for your nursing program\\\", \\\"headline\\\": \\\"Our Core features\\\", \\\"description\\\": \\\"<p data-block-key=\\\\\\\"yyz8q\\\\\\\">We believe that no matter how good you are in nursing practice,\\\\u00a0 our assistance in your writing and research tasks will make you even better.</p>\\\"}, \\\"id\\\": \\\"6ab0267f-26a3-4fc4-9ba6-f15cab1aad3c\\\"}]\", \"core_features_cards\": \"[{\\\"type\\\": \\\"features_cards\\\", \\\"value\\\": {\\\"cards\\\": [{\\\"type\\\": \\\"item\\\", \\\"value\\\": {\\\"fontawesome\\\": \\\"clock-rotate-left\\\", \\\"headline\\\": \\\"24/7 Support\\\", \\\"description\\\": \\\"We are always available for your support. You're guaranteed assistance either by phone, email, or chat.\\\"}, \\\"id\\\": \\\"a0470f30-8d4b-40f6-905c-ecbde8c9127c\\\"}, {\\\"type\\\": \\\"item\\\", \\\"value\\\": {\\\"fontawesome\\\": \\\"eye-slash\\\", \\\"headline\\\": \\\"Anonymity\\\", \\\"description\\\": \\\"We care about the privacy of our clients and when you pay for essays, we will never share your personal information with any third parties or even paper writers.\\\"}, \\\"id\\\": \\\"7360b303-46f1-4d6b-9b17-cbedd01e1fbe\\\"}, {\\\"type\\\": \\\"item\\\", \\\"value\\\": {\\\"fontawesome\\\": \\\"infinity\\\", \\\"headline\\\": \\\"Unlimited & Free Edits\\\", \\\"description\\\": \\\"When you pay for essay writing, you have 30 days after the order was completed to ask our essay writers for free revisions, in case you need any.\\\"}, \\\"id\\\": \\\"2e48a07b-6b28-4bf3-8008-cb80f742ccd1\\\"}]}, \\\"id\\\": \\\"ccedba89-b503-42fb-9551-12606d9fb409\\\"}]\", \"citation_hub\": \"[{\\\"type\\\": \\\"citation_section\\\", \\\"value\\\": {\\\"eyebrow\\\": \\\"Citation Hub\\\", \\\"headline\\\": \\\"Get your paper cited in the citation style of your choice\\\", \\\"description\\\": \\\"\\\"}, \\\"id\\\": \\\"92af91db-2970-46eb-b939-d872bccaa2ac\\\"}]\", \"citation_styles\": \"[{\\\"type\\\": \\\"citationStyle\\\", \\\"value\\\": {\\\"eyebrow\\\": \\\"Harvard Style\\\", \\\"headline\\\": \\\"Harvard Format Citation Guide\\\", \\\"description\\\": \\\"<p data-block-key=\\\\\\\"s33ys\\\\\\\">This is a complete guide to Harvard in-text and reference list citations. This easy-to-use, comprehensive guide makes citing any source easy. Check out our other citation guides on\\\\u00a0APA\\\\u00a0and\\\\u00a0MLA 8\\\\u00a0referencing.</p>\\\", \\\"image\\\": 2}, \\\"id\\\": \\\"1792c78c-c2e3-419a-bb98-b716cec32f8d\\\"}, {\\\"type\\\": \\\"citationStyle\\\", \\\"value\\\": {\\\"eyebrow\\\": \\\"MLA Style\\\", \\\"headline\\\": \\\"MLA 8 Citation Guide\\\", \\\"description\\\": \\\"<p data-block-key=\\\\\\\"s33ys\\\\\\\">This is a complete guide to MLA 8 (Modern Language Association, 8th edition) in-text and reference list citations. This easy-to-use, comprehensive guide makes citing any source easy. Check out our other citation guides on\\\\u00a0APA\\\\u00a0and\\\\u00a0Harvard\\\\u00a0referencing.</p>\\\", \\\"image\\\": 3}, \\\"id\\\": \\\"e6a4b5cc-6823-4a33-bf92-8cad0b631cca\\\"}, {\\\"type\\\": \\\"citationStyle\\\", \\\"value\\\": {\\\"eyebrow\\\": \\\"APA Style\\\", \\\"headline\\\": \\\"APA Format Citation Guide\\\", \\\"description\\\": \\\"<p data-block-key=\\\\\\\"s33ys\\\\\\\">This is a complete guide to APA (American Psychological Association) in-text and reference list citations. This easy-to-use, comprehensive guide makes citing any source easy.\\\\u00a0</p>\\\", \\\"image\\\": 4}, \\\"id\\\": \\\"04147b97-1323-4615-9fc5-46a2ce31bae4\\\"}]\", \"timely_updates\": \"[{\\\"type\\\": \\\"citation_section\\\", \\\"value\\\": {\\\"eyebrow\\\": \\\"\\\", \\\"headline\\\": \\\"Get timely updates and fresh ideas delivered to your inbox\\\", \\\"description\\\": \\\"<p data-block-key=\\\\\\\"gfvd9\\\\\\\">The nursing field is continuously changing. We continuously produce new content based on curriculum updates requirements. Whether you&#x27;re in school or in practice, you can use our free content to stay updated on the trend.</p>\\\"}, \\\"id\\\": \\\"11a51114-7bef-4102-a4ce-2d58519774f7\\\"}]\", \"timely_updates_bullet\": \"[{\\\"type\\\": \\\"about_bullet\\\", \\\"value\\\": \\\"Assignment support\\\", \\\"id\\\": \\\"eee7a0ce-35c8-42f2-9ced-913de800311e\\\"}, {\\\"type\\\": \\\"about_bullet\\\", \\\"value\\\": \\\"Free updates\\\", \\\"id\\\": \\\"5f470894-092b-4796-8efd-55f693b4443a\\\"}, {\\\"type\\\": \\\"about_bullet\\\", \\\"value\\\": \\\"Free samples\\\", \\\"id\\\": \\\"7b871022-4825-44d2-b920-32af98a53930\\\"}, {\\\"type\\\": \\\"about_bullet\\\", \\\"value\\\": \\\"Frequent Discounts\\\", \\\"id\\\": \\\"e98a8e11-1e21-4d91-87a5-48bc0ee6a10a\\\"}]\", \"wagtail_admin_comments\": []}", "approved_go_live_at": null}}, {"model": "wagtailcore.pagerevision", "pk": 17, "fields": {"page": 3, "submitted_for_moderation": false, "created_at": "2022-04-20T00:52:12.608Z", "user": 1, "content_json": "{\"pk\": 3, \"path\": \"00010001\", \"depth\": 2, \"numchild\": 0, \"translation_key\": \"17387280-625c-4807-88c7-96830c31635b\", \"locale\": 1, \"title\": \"Home\", \"draft_title\": \"Home\", \"slug\": \"home\", \"content_type\": 2, \"live\": true, \"has_unpublished_changes\": false, \"url_path\": \"/home/\", \"owner\": null, \"seo_title\": \"The Nursing Ace\", \"show_in_menus\": true, \"search_description\": \"Welcome to Nursing Ace website\", \"go_live_at\": null, \"expire_at\": null, \"expired\": false, \"locked\": false, \"locked_at\": null, \"locked_by\": null, \"first_published_at\": \"2022-04-16T23:06:54.322Z\", \"last_published_at\": \"2022-04-20T00:38:07.183Z\", \"latest_revision_created_at\": \"2022-04-20T00:38:05.554Z\", \"live_revision\": 16, \"alias_of\": null, \"search_image\": null, \"banner_title\": \"The Nursing Ace, Your Medical Essay Writers\", \"banner_description\": \"Nursing Ace comprises of competent and knowledgeable writers in a wide range of medical writing tasks and research to suit your individual and academic needs.\", \"banner_cta\": null, \"section_about\": \"[{\\\"type\\\": \\\"About_section\\\", \\\"value\\\": {\\\"eyebrow\\\": \\\"About us\\\", \\\"headline\\\": \\\"Home for competent and knowledgeable writers\\\", \\\"description\\\": \\\"<p data-block-key=\\\\\\\"axr4a\\\\\\\">We are available to assist you in your ADN, BSN, master&#x27;s, and doctorate research and writing tasks, no matter the urgency and complexity.\\\\u00a0 \\\\u00a0\\\\u00a0</p>\\\"}, \\\"id\\\": \\\"29b85696-4abe-41b9-a8c3-ef00d3a80dff\\\"}]\", \"about_bullet\": \"[{\\\"type\\\": \\\"about_bullet\\\", \\\"value\\\": \\\"Buy Essay\\\", \\\"id\\\": \\\"d3ab82ef-45b9-433f-988d-884d6c37b6da\\\"}, {\\\"type\\\": \\\"about_bullet\\\", \\\"value\\\": \\\"Academic Writing\\\", \\\"id\\\": \\\"94a6384a-6c8c-4792-b0ad-04ba40d08cf8\\\"}, {\\\"type\\\": \\\"about_bullet\\\", \\\"value\\\": \\\"Editing Services\\\", \\\"id\\\": \\\"1725c806-60f8-411f-b15f-6372aed9d7bf\\\"}, {\\\"type\\\": \\\"about_bullet\\\", \\\"value\\\": \\\"Dissertation Writing\\\", \\\"id\\\": \\\"e4bde57c-7509-4789-ba91-67fc533a29e9\\\"}, {\\\"type\\\": \\\"about_bullet\\\", \\\"value\\\": \\\"Term Paper Writing\\\", \\\"id\\\": \\\"a267ddca-7209-4ca9-98eb-97b17431cb67\\\"}, {\\\"type\\\": \\\"about_bullet\\\", \\\"value\\\": \\\"Thesis Writing\\\", \\\"id\\\": \\\"73fd981f-25b3-4f95-9a90-917796614aa6\\\"}]\", \"section_about_content\": \"[{\\\"type\\\": \\\"description\\\", \\\"value\\\": \\\"<p data-block-key=\\\\\\\"gevo9\\\\\\\">The Nursing Ace comprises competent and knowledgeable writers in a wide range of medical writing tasks and research to suit your individual and academic needs.\\\\u00a0 Throughout our coaching experience, you will acquire the confidence, tools, and assistance to enable you to succeed in your respective nursing program.</p><p data-block-key=\\\\\\\"aursj\\\\\\\">We empower you to become the leader and nurse you desire. Our medical writing and coaching services are customized to your requirements, with great emphasis on <b>originality, confidentiality, punctuality, and exemplary academic rigor.\\\\u00a0</b></p>\\\", \\\"id\\\": \\\"af4d2cc5-3053-43e6-8b4e-0d5b09975684\\\"}]\", \"section_about_image\": 1, \"core_features\": \"[{\\\"type\\\": \\\"section_core_section\\\", \\\"value\\\": {\\\"eyebrow\\\": \\\"Build for your nursing program\\\", \\\"headline\\\": \\\"Our Core features\\\", \\\"description\\\": \\\"<p data-block-key=\\\\\\\"yyz8q\\\\\\\">We believe that no matter how good you are in nursing practice,\\\\u00a0 our assistance in your writing and research tasks will make you even better.</p>\\\"}, \\\"id\\\": \\\"6ab0267f-26a3-4fc4-9ba6-f15cab1aad3c\\\"}]\", \"core_features_cards\": \"[{\\\"type\\\": \\\"features_cards\\\", \\\"value\\\": {\\\"cards\\\": [{\\\"type\\\": \\\"item\\\", \\\"value\\\": {\\\"fontawesome\\\": \\\"clock-rotate-left\\\", \\\"headline\\\": \\\"24/7 Support\\\", \\\"description\\\": \\\"We are always available for your support. You're guaranteed assistance either by phone, email, or chat.\\\"}, \\\"id\\\": \\\"a0470f30-8d4b-40f6-905c-ecbde8c9127c\\\"}, {\\\"type\\\": \\\"item\\\", \\\"value\\\": {\\\"fontawesome\\\": \\\"eye-slash\\\", \\\"headline\\\": \\\"Anonymity\\\", \\\"description\\\": \\\"We care about the privacy of our clients and when you pay for essays, we will never share your personal information with any third parties or even paper writers.\\\"}, \\\"id\\\": \\\"7360b303-46f1-4d6b-9b17-cbedd01e1fbe\\\"}, {\\\"type\\\": \\\"item\\\", \\\"value\\\": {\\\"fontawesome\\\": \\\"infinity\\\", \\\"headline\\\": \\\"Unlimited & Free Edits\\\", \\\"description\\\": \\\"When you pay for essay writing, you have 30 days after the order was completed to ask our essay writers for free revisions, in case you need any.\\\"}, \\\"id\\\": \\\"2e48a07b-6b28-4bf3-8008-cb80f742ccd1\\\"}]}, \\\"id\\\": \\\"ccedba89-b503-42fb-9551-12606d9fb409\\\"}]\", \"citation_hub\": \"[{\\\"type\\\": \\\"citation_section\\\", \\\"value\\\": {\\\"eyebrow\\\": \\\"Citation Hub\\\", \\\"headline\\\": \\\"Get your paper cited in the citation style of your choice\\\", \\\"description\\\": \\\"\\\"}, \\\"id\\\": \\\"92af91db-2970-46eb-b939-d872bccaa2ac\\\"}]\", \"citation_styles\": \"[{\\\"type\\\": \\\"citationStyle\\\", \\\"value\\\": {\\\"eyebrow\\\": \\\"Harvard Style\\\", \\\"headline\\\": \\\"Harvard Format Citation Guide\\\", \\\"description\\\": \\\"<p data-block-key=\\\\\\\"s33ys\\\\\\\">This is a complete guide to Harvard in-text and reference list citations. This easy-to-use, comprehensive guide makes citing any source easy. Check out our other citation guides on\\\\u00a0APA\\\\u00a0and\\\\u00a0MLA 8\\\\u00a0referencing.</p>\\\", \\\"image\\\": 2}, \\\"id\\\": \\\"1792c78c-c2e3-419a-bb98-b716cec32f8d\\\"}, {\\\"type\\\": \\\"citationStyle\\\", \\\"value\\\": {\\\"eyebrow\\\": \\\"MLA Style\\\", \\\"headline\\\": \\\"MLA 8 Citation Guide\\\", \\\"description\\\": \\\"<p data-block-key=\\\\\\\"s33ys\\\\\\\">This is a complete guide to MLA 8 (Modern Language Association, 8th edition) in-text and reference list citations. This easy-to-use, comprehensive guide makes citing any source easy. Check out our other citation guides on\\\\u00a0APA\\\\u00a0and\\\\u00a0Harvard\\\\u00a0referencing.</p>\\\", \\\"image\\\": 3}, \\\"id\\\": \\\"e6a4b5cc-6823-4a33-bf92-8cad0b631cca\\\"}, {\\\"type\\\": \\\"citationStyle\\\", \\\"value\\\": {\\\"eyebrow\\\": \\\"APA Style\\\", \\\"headline\\\": \\\"APA Format Citation Guide\\\", \\\"description\\\": \\\"<p data-block-key=\\\\\\\"s33ys\\\\\\\">This is a complete guide to APA (American Psychological Association) in-text and reference list citations. This easy-to-use, comprehensive guide makes citing any source easy.\\\\u00a0</p>\\\", \\\"image\\\": 4}, \\\"id\\\": \\\"04147b97-1323-4615-9fc5-46a2ce31bae4\\\"}]\", \"timely_updates\": \"[{\\\"type\\\": \\\"timely_updates\\\", \\\"value\\\": {\\\"eyebrow\\\": \\\"\\\", \\\"headline\\\": \\\"Get timely updates and fresh ideas delivered to your inbox\\\", \\\"description\\\": \\\"<p data-block-key=\\\\\\\"f18i0\\\\\\\">The nursing field is continuously changing. We continuously produce new content based on curriculum updates requirements. Whether you&#x27;re in school or in practice, you can use our free content to stay updated on the trend.</p>\\\"}, \\\"id\\\": \\\"f19ad4e4-a162-460a-8735-edeab16c6407\\\"}]\", \"timely_updates_bullet\": \"[{\\\"type\\\": \\\"timely_updates_bullet\\\", \\\"value\\\": \\\"Assignment support\\\", \\\"id\\\": \\\"7df2bda1-6182-4a53-8db0-2d4c6148d98b\\\"}, {\\\"type\\\": \\\"timely_updates_bullet\\\", \\\"value\\\": \\\"Free updates\\\", \\\"id\\\": \\\"bc62ce15-188a-4382-8eed-2e242fc8a4f2\\\"}, {\\\"type\\\": \\\"timely_updates_bullet\\\", \\\"value\\\": \\\"Free samples\\\", \\\"id\\\": \\\"32601c48-8ecd-4f31-933c-b91ee4c52f73\\\"}, {\\\"type\\\": \\\"timely_updates_bullet\\\", \\\"value\\\": \\\"Frequent Discounts\\\", \\\"id\\\": \\\"14a91a84-d280-497a-8854-4ad582334b34\\\"}]\", \"wagtail_admin_comments\": []}", "approved_go_live_at": null}}, {"model": "wagtailcore.pagerevision", "pk": 18, "fields": {"page": 3, "submitted_for_moderation": false, "created_at": "2022-04-20T07:24:21.218Z", "user": 1, "content_json": "{\"pk\": 3, \"path\": \"00010001\", \"depth\": 2, \"numchild\": 0, \"translation_key\": \"17387280-625c-4807-88c7-96830c31635b\", \"locale\": 1, \"title\": \"Home\", \"draft_title\": \"Home\", \"slug\": \"home\", \"content_type\": 2, \"live\": true, \"has_unpublished_changes\": false, \"url_path\": \"/home/\", \"owner\": null, \"seo_title\": \"The Nursing Ace\", \"show_in_menus\": true, \"search_description\": \"Welcome to Nursing Ace website\", \"go_live_at\": null, \"expire_at\": null, \"expired\": false, \"locked\": false, \"locked_at\": null, \"locked_by\": null, \"first_published_at\": \"2022-04-16T23:06:54.322Z\", \"last_published_at\": \"2022-04-20T00:52:13.206Z\", \"latest_revision_created_at\": \"2022-04-20T00:52:12.608Z\", \"live_revision\": 17, \"alias_of\": null, \"search_image\": null, \"banner_title\": \"The Nursing Ace, Your Medical Essay Writers\", \"banner_description\": \"Nursing Ace comprises of competent and knowledgeable writers in a wide range of medical writing tasks and research to suit your individual and academic needs.\", \"banner_cta\": null, \"section_about\": \"[{\\\"type\\\": \\\"About_section\\\", \\\"value\\\": {\\\"eyebrow\\\": \\\"About us\\\", \\\"headline\\\": \\\"Home for competent and knowledgeable writers\\\", \\\"description\\\": \\\"<p data-block-key=\\\\\\\"axr4a\\\\\\\">We are available to assist you in your ADN, BSN, master&#x27;s, and doctorate research and writing tasks, no matter the urgency and complexity.\\\\u00a0 \\\\u00a0\\\\u00a0</p>\\\"}, \\\"id\\\": \\\"29b85696-4abe-41b9-a8c3-ef00d3a80dff\\\"}]\", \"about_bullet\": \"[{\\\"type\\\": \\\"about_bullet\\\", \\\"value\\\": \\\"Buy Essay\\\", \\\"id\\\": \\\"d3ab82ef-45b9-433f-988d-884d6c37b6da\\\"}, {\\\"type\\\": \\\"about_bullet\\\", \\\"value\\\": \\\"Academic Writing\\\", \\\"id\\\": \\\"94a6384a-6c8c-4792-b0ad-04ba40d08cf8\\\"}, {\\\"type\\\": \\\"about_bullet\\\", \\\"value\\\": \\\"Editing Services\\\", \\\"id\\\": \\\"1725c806-60f8-411f-b15f-6372aed9d7bf\\\"}, {\\\"type\\\": \\\"about_bullet\\\", \\\"value\\\": \\\"Dissertation Writing\\\", \\\"id\\\": \\\"e4bde57c-7509-4789-ba91-67fc533a29e9\\\"}, {\\\"type\\\": \\\"about_bullet\\\", \\\"value\\\": \\\"Term Paper Writing\\\", \\\"id\\\": \\\"a267ddca-7209-4ca9-98eb-97b17431cb67\\\"}, {\\\"type\\\": \\\"about_bullet\\\", \\\"value\\\": \\\"Thesis Writing\\\", \\\"id\\\": \\\"73fd981f-25b3-4f95-9a90-917796614aa6\\\"}]\", \"section_about_content\": \"[{\\\"type\\\": \\\"description\\\", \\\"value\\\": \\\"<p data-block-key=\\\\\\\"gevo9\\\\\\\">The Nursing Ace comprises competent and knowledgeable writers in a wide range of medical writing tasks and research to suit your individual and academic needs.\\\\u00a0 Throughout our coaching experience, you will acquire the confidence, tools, and assistance to enable you to succeed in your respective nursing program.</p><p data-block-key=\\\\\\\"aursj\\\\\\\">We empower you to become the leader and nurse you desire. Our medical writing and coaching services are customized to your requirements, with great emphasis on <b>originality, confidentiality, punctuality, and exemplary academic rigor.\\\\u00a0</b></p>\\\", \\\"id\\\": \\\"af4d2cc5-3053-43e6-8b4e-0d5b09975684\\\"}]\", \"section_about_image\": 1, \"core_features\": \"[{\\\"type\\\": \\\"section_core_section\\\", \\\"value\\\": {\\\"eyebrow\\\": \\\"Build for your nursing program\\\", \\\"headline\\\": \\\"Our Core features\\\", \\\"description\\\": \\\"<p data-block-key=\\\\\\\"yyz8q\\\\\\\">We believe that no matter how good you are in nursing practice,\\\\u00a0 our assistance in your writing and research tasks will make you even better.</p>\\\"}, \\\"id\\\": \\\"6ab0267f-26a3-4fc4-9ba6-f15cab1aad3c\\\"}]\", \"core_features_cards\": \"[{\\\"type\\\": \\\"features_cards\\\", \\\"value\\\": {\\\"cards\\\": [{\\\"type\\\": \\\"item\\\", \\\"value\\\": {\\\"fontawesome\\\": \\\"clock-rotate-left\\\", \\\"headline\\\": \\\"24/7 Support\\\", \\\"description\\\": \\\"We are always available for your support. You're guaranteed assistance either by phone, email, or chat.\\\"}, \\\"id\\\": \\\"a0470f30-8d4b-40f6-905c-ecbde8c9127c\\\"}, {\\\"type\\\": \\\"item\\\", \\\"value\\\": {\\\"fontawesome\\\": \\\"eye-slash\\\", \\\"headline\\\": \\\"Anonymity\\\", \\\"description\\\": \\\"We care about the privacy of our clients and when you pay for essays, we will never share your personal information with any third parties or even paper writers.\\\"}, \\\"id\\\": \\\"7360b303-46f1-4d6b-9b17-cbedd01e1fbe\\\"}, {\\\"type\\\": \\\"item\\\", \\\"value\\\": {\\\"fontawesome\\\": \\\"infinity\\\", \\\"headline\\\": \\\"Unlimited & Free Edits\\\", \\\"description\\\": \\\"When you pay for essay writing, you have 30 days after the order was completed to ask our essay writers for free revisions, in case you need any.\\\"}, \\\"id\\\": \\\"2e48a07b-6b28-4bf3-8008-cb80f742ccd1\\\"}]}, \\\"id\\\": \\\"ccedba89-b503-42fb-9551-12606d9fb409\\\"}]\", \"citation_hub\": \"[{\\\"type\\\": \\\"citation_section\\\", \\\"value\\\": {\\\"eyebrow\\\": \\\"Citation Hub\\\", \\\"headline\\\": \\\"Get your paper cited in the citation style of your choice\\\", \\\"description\\\": \\\"\\\"}, \\\"id\\\": \\\"92af91db-2970-46eb-b939-d872bccaa2ac\\\"}]\", \"citation_styles\": \"[{\\\"type\\\": \\\"citationStyle\\\", \\\"value\\\": {\\\"eyebrow\\\": \\\"Harvard Style\\\", \\\"headline\\\": \\\"Harvard Format Citation Guide\\\", \\\"description\\\": \\\"<p data-block-key=\\\\\\\"s33ys\\\\\\\">This is a complete guide to Harvard in-text and reference list citations. This easy-to-use, comprehensive guide makes citing any source easy. Check out our other citation guides on\\\\u00a0APA\\\\u00a0and\\\\u00a0MLA 8\\\\u00a0referencing.</p>\\\", \\\"image\\\": 2}, \\\"id\\\": \\\"1792c78c-c2e3-419a-bb98-b716cec32f8d\\\"}, {\\\"type\\\": \\\"citationStyle\\\", \\\"value\\\": {\\\"eyebrow\\\": \\\"MLA Style\\\", \\\"headline\\\": \\\"MLA 8 Citation Guide\\\", \\\"description\\\": \\\"<p data-block-key=\\\\\\\"s33ys\\\\\\\">This is a complete guide to MLA 8 (Modern Language Association, 8th edition) in-text and reference list citations. This easy-to-use, comprehensive guide makes citing any source easy. Check out our other citation guides on\\\\u00a0APA\\\\u00a0and\\\\u00a0Harvard\\\\u00a0referencing.</p>\\\", \\\"image\\\": 3}, \\\"id\\\": \\\"e6a4b5cc-6823-4a33-bf92-8cad0b631cca\\\"}, {\\\"type\\\": \\\"citationStyle\\\", \\\"value\\\": {\\\"eyebrow\\\": \\\"APA Style\\\", \\\"headline\\\": \\\"APA Format Citation Guide\\\", \\\"description\\\": \\\"<p data-block-key=\\\\\\\"s33ys\\\\\\\">This is a complete guide to APA (American Psychological Association) in-text and reference list citations. This easy-to-use, comprehensive guide makes citing any source easy.\\\\u00a0</p>\\\", \\\"image\\\": 4}, \\\"id\\\": \\\"04147b97-1323-4615-9fc5-46a2ce31bae4\\\"}]\", \"timely_updates\": \"[{\\\"type\\\": \\\"timely_updates\\\", \\\"value\\\": {\\\"eyebrow\\\": \\\"\\\", \\\"headline\\\": \\\"Get timely updates and fresh ideas delivered to your inbox\\\", \\\"description\\\": \\\"<p data-block-key=\\\\\\\"f18i0\\\\\\\">The nursing field is continuously changing. We continuously produce new content based on curriculum updates requirements. Whether you&#x27;re in school or in practice, you can use our free content to stay updated on the trend.</p>\\\"}, \\\"id\\\": \\\"f19ad4e4-a162-460a-8735-edeab16c6407\\\"}]\", \"timely_updates_bullet\": \"[{\\\"type\\\": \\\"updates_bullet\\\", \\\"value\\\": \\\"Assignment support\\\", \\\"id\\\": \\\"9419b52e-9a02-4ff7-b5e0-116c892b4281\\\"}, {\\\"type\\\": \\\"updates_bullet\\\", \\\"value\\\": \\\"Free updates\\\", \\\"id\\\": \\\"df1863b2-b2e4-473c-bad7-81b0ca4d5725\\\"}, {\\\"type\\\": \\\"updates_bullet\\\", \\\"value\\\": \\\"Free samples\\\", \\\"id\\\": \\\"d1a41408-9f2a-4269-b4a0-88f1c2a60de3\\\"}, {\\\"type\\\": \\\"updates_bullet\\\", \\\"value\\\": \\\"Frequent Discounts\\\", \\\"id\\\": \\\"4658cf2c-65b6-4b5b-9e21-622440619609\\\"}]\", \"datasection\": \"[{\\\"type\\\": \\\"datasection_headings\\\", \\\"value\\\": {\\\"eyebrow\\\": \\\"Your Expectation\\\", \\\"headline\\\": \\\"We Always Try To Understand Users Expectation\\\", \\\"description\\\": \\\"<p data-block-key=\\\\\\\"gd4f2\\\\\\\">Our numbers speak for themselves. You only need to describe your assignment, sit back and wait.</p>\\\"}, \\\"id\\\": \\\"e4c635fc-6fde-41b5-984c-9e2b26e9ab4f\\\"}]\", \"right_points\": \"[{\\\"type\\\": \\\"right_points\\\", \\\"value\\\": \\\"Originality 100%\\\", \\\"id\\\": \\\"c1d72dce-d1a1-443b-a9fa-977e90b207a1\\\"}, {\\\"type\\\": \\\"right_points\\\", \\\"value\\\": \\\"Confidentiality 100%\\\", \\\"id\\\": \\\"f04f9e87-0d9a-4767-99f4-b699b04e659d\\\"}, {\\\"type\\\": \\\"right_points\\\", \\\"value\\\": \\\"Punctuality 100%\\\", \\\"id\\\": \\\"6c16e246-2633-4484-b90e-09df71a40377\\\"}, {\\\"type\\\": \\\"right_points\\\", \\\"value\\\": \\\"Exemplary academic rigor\\\", \\\"id\\\": \\\"21826dce-16ba-4d2c-9daa-060375c4a9d2\\\"}]\", \"wagtail_admin_comments\": []}", "approved_go_live_at": null}}, {"model": "wagtailcore.pagerevision", "pk": 19, "fields": {"page": 3, "submitted_for_moderation": false, "created_at": "2022-04-20T07:32:37.177Z", "user": 1, "content_json": "{\"pk\": 3, \"path\": \"00010001\", \"depth\": 2, \"numchild\": 0, \"translation_key\": \"17387280-625c-4807-88c7-96830c31635b\", \"locale\": 1, \"title\": \"Home\", \"draft_title\": \"Home\", \"slug\": \"home\", \"content_type\": 2, \"live\": true, \"has_unpublished_changes\": false, \"url_path\": \"/home/\", \"owner\": null, \"seo_title\": \"The Nursing Ace\", \"show_in_menus\": true, \"search_description\": \"Welcome to Nursing Ace website\", \"go_live_at\": null, \"expire_at\": null, \"expired\": false, \"locked\": false, \"locked_at\": null, \"locked_by\": null, \"first_published_at\": \"2022-04-16T23:06:54.322Z\", \"last_published_at\": \"2022-04-20T07:24:22.726Z\", \"latest_revision_created_at\": \"2022-04-20T07:24:21.218Z\", \"live_revision\": 18, \"alias_of\": null, \"search_image\": null, \"banner_title\": \"The Nursing Ace, Your Medical Essay Writers\", \"banner_description\": \"Nursing Ace comprises of competent and knowledgeable writers in a wide range of medical writing tasks and research to suit your individual and academic needs.\", \"banner_cta\": null, \"section_about\": \"[{\\\"type\\\": \\\"About_section\\\", \\\"value\\\": {\\\"eyebrow\\\": \\\"About us\\\", \\\"headline\\\": \\\"Home for competent and knowledgeable writers\\\", \\\"description\\\": \\\"<p data-block-key=\\\\\\\"axr4a\\\\\\\">We are available to assist you in your ADN, BSN, master&#x27;s, and doctorate research and writing tasks, no matter the urgency and complexity.\\\\u00a0 \\\\u00a0\\\\u00a0</p>\\\"}, \\\"id\\\": \\\"29b85696-4abe-41b9-a8c3-ef00d3a80dff\\\"}]\", \"about_bullet\": \"[{\\\"type\\\": \\\"about_bullet\\\", \\\"value\\\": \\\"Buy Essay\\\", \\\"id\\\": \\\"d3ab82ef-45b9-433f-988d-884d6c37b6da\\\"}, {\\\"type\\\": \\\"about_bullet\\\", \\\"value\\\": \\\"Academic Writing\\\", \\\"id\\\": \\\"94a6384a-6c8c-4792-b0ad-04ba40d08cf8\\\"}, {\\\"type\\\": \\\"about_bullet\\\", \\\"value\\\": \\\"Editing Services\\\", \\\"id\\\": \\\"1725c806-60f8-411f-b15f-6372aed9d7bf\\\"}, {\\\"type\\\": \\\"about_bullet\\\", \\\"value\\\": \\\"Dissertation Writing\\\", \\\"id\\\": \\\"e4bde57c-7509-4789-ba91-67fc533a29e9\\\"}, {\\\"type\\\": \\\"about_bullet\\\", \\\"value\\\": \\\"Term Paper Writing\\\", \\\"id\\\": \\\"a267ddca-7209-4ca9-98eb-97b17431cb67\\\"}, {\\\"type\\\": \\\"about_bullet\\\", \\\"value\\\": \\\"Thesis Writing\\\", \\\"id\\\": \\\"73fd981f-25b3-4f95-9a90-917796614aa6\\\"}]\", \"section_about_content\": \"[{\\\"type\\\": \\\"description\\\", \\\"value\\\": \\\"<p data-block-key=\\\\\\\"gevo9\\\\\\\">The Nursing Ace comprises competent and knowledgeable writers in a wide range of medical writing tasks and research to suit your individual and academic needs.\\\\u00a0 Throughout our coaching experience, you will acquire the confidence, tools, and assistance to enable you to succeed in your respective nursing program.</p><p data-block-key=\\\\\\\"aursj\\\\\\\">We empower you to become the leader and nurse you desire. Our medical writing and coaching services are customized to your requirements, with great emphasis on <b>originality, confidentiality, punctuality, and exemplary academic rigor.\\\\u00a0</b></p>\\\", \\\"id\\\": \\\"af4d2cc5-3053-43e6-8b4e-0d5b09975684\\\"}]\", \"section_about_image\": 1, \"core_features\": \"[{\\\"type\\\": \\\"section_core_section\\\", \\\"value\\\": {\\\"eyebrow\\\": \\\"Build for your nursing program\\\", \\\"headline\\\": \\\"Our Core features\\\", \\\"description\\\": \\\"<p data-block-key=\\\\\\\"yyz8q\\\\\\\">We believe that no matter how good you are in nursing practice,\\\\u00a0 our assistance in your writing and research tasks will make you even better.</p>\\\"}, \\\"id\\\": \\\"6ab0267f-26a3-4fc4-9ba6-f15cab1aad3c\\\"}]\", \"core_features_cards\": \"[{\\\"type\\\": \\\"features_cards\\\", \\\"value\\\": {\\\"cards\\\": [{\\\"type\\\": \\\"item\\\", \\\"value\\\": {\\\"fontawesome\\\": \\\"clock-rotate-left\\\", \\\"headline\\\": \\\"24/7 Support\\\", \\\"description\\\": \\\"We are always available for your support. You're guaranteed assistance either by phone, email, or chat.\\\"}, \\\"id\\\": \\\"a0470f30-8d4b-40f6-905c-ecbde8c9127c\\\"}, {\\\"type\\\": \\\"item\\\", \\\"value\\\": {\\\"fontawesome\\\": \\\"eye-slash\\\", \\\"headline\\\": \\\"Anonymity\\\", \\\"description\\\": \\\"We care about the privacy of our clients and when you pay for essays, we will never share your personal information with any third parties or even paper writers.\\\"}, \\\"id\\\": \\\"7360b303-46f1-4d6b-9b17-cbedd01e1fbe\\\"}, {\\\"type\\\": \\\"item\\\", \\\"value\\\": {\\\"fontawesome\\\": \\\"infinity\\\", \\\"headline\\\": \\\"Unlimited & Free Edits\\\", \\\"description\\\": \\\"When you pay for essay writing, you have 30 days after the order was completed to ask our essay writers for free revisions, in case you need any.\\\"}, \\\"id\\\": \\\"2e48a07b-6b28-4bf3-8008-cb80f742ccd1\\\"}]}, \\\"id\\\": \\\"ccedba89-b503-42fb-9551-12606d9fb409\\\"}]\", \"citation_hub\": \"[{\\\"type\\\": \\\"citation_section\\\", \\\"value\\\": {\\\"eyebrow\\\": \\\"Citation Hub\\\", \\\"headline\\\": \\\"Get your paper cited in the citation style of your choice\\\", \\\"description\\\": \\\"\\\"}, \\\"id\\\": \\\"92af91db-2970-46eb-b939-d872bccaa2ac\\\"}]\", \"citation_styles\": \"[{\\\"type\\\": \\\"citationStyle\\\", \\\"value\\\": {\\\"eyebrow\\\": \\\"Harvard Style\\\", \\\"headline\\\": \\\"Harvard Format Citation Guide\\\", \\\"description\\\": \\\"<p data-block-key=\\\\\\\"s33ys\\\\\\\">This is a complete guide to Harvard in-text and reference list citations. This easy-to-use, comprehensive guide makes citing any source easy. Check out our other citation guides on\\\\u00a0APA\\\\u00a0and\\\\u00a0MLA 8\\\\u00a0referencing.</p>\\\", \\\"image\\\": 2}, \\\"id\\\": \\\"1792c78c-c2e3-419a-bb98-b716cec32f8d\\\"}, {\\\"type\\\": \\\"citationStyle\\\", \\\"value\\\": {\\\"eyebrow\\\": \\\"MLA Style\\\", \\\"headline\\\": \\\"MLA 8 Citation Guide\\\", \\\"description\\\": \\\"<p data-block-key=\\\\\\\"s33ys\\\\\\\">This is a complete guide to MLA 8 (Modern Language Association, 8th edition) in-text and reference list citations. This easy-to-use, comprehensive guide makes citing any source easy. Check out our other citation guides on\\\\u00a0APA\\\\u00a0and\\\\u00a0Harvard\\\\u00a0referencing.</p>\\\", \\\"image\\\": 3}, \\\"id\\\": \\\"e6a4b5cc-6823-4a33-bf92-8cad0b631cca\\\"}, {\\\"type\\\": \\\"citationStyle\\\", \\\"value\\\": {\\\"eyebrow\\\": \\\"APA Style\\\", \\\"headline\\\": \\\"APA Format Citation Guide\\\", \\\"description\\\": \\\"<p data-block-key=\\\\\\\"s33ys\\\\\\\">This is a complete guide to APA (American Psychological Association) in-text and reference list citations. This easy-to-use, comprehensive guide makes citing any source easy.\\\\u00a0</p>\\\", \\\"image\\\": 4}, \\\"id\\\": \\\"04147b97-1323-4615-9fc5-46a2ce31bae4\\\"}]\", \"timely_updates\": \"[{\\\"type\\\": \\\"timely_updates\\\", \\\"value\\\": {\\\"eyebrow\\\": \\\"\\\", \\\"headline\\\": \\\"Get timely updates and fresh ideas delivered to your inbox\\\", \\\"description\\\": \\\"<p data-block-key=\\\\\\\"f18i0\\\\\\\">The nursing field is continuously changing. We continuously produce new content based on curriculum updates requirements. Whether you&#x27;re in school or in practice, you can use our free content to stay updated on the trend.</p>\\\"}, \\\"id\\\": \\\"f19ad4e4-a162-460a-8735-edeab16c6407\\\"}]\", \"timely_updates_bullet\": \"[{\\\"type\\\": \\\"updates_bullet\\\", \\\"value\\\": \\\"Assignment support\\\", \\\"id\\\": \\\"9419b52e-9a02-4ff7-b5e0-116c892b4281\\\"}, {\\\"type\\\": \\\"updates_bullet\\\", \\\"value\\\": \\\"Free updates\\\", \\\"id\\\": \\\"df1863b2-b2e4-473c-bad7-81b0ca4d5725\\\"}, {\\\"type\\\": \\\"updates_bullet\\\", \\\"value\\\": \\\"Free samples\\\", \\\"id\\\": \\\"d1a41408-9f2a-4269-b4a0-88f1c2a60de3\\\"}, {\\\"type\\\": \\\"updates_bullet\\\", \\\"value\\\": \\\"Frequent Discounts\\\", \\\"id\\\": \\\"4658cf2c-65b6-4b5b-9e21-622440619609\\\"}]\", \"datasection\": \"[{\\\"type\\\": \\\"datasection_headings\\\", \\\"value\\\": {\\\"eyebrow\\\": \\\"Your Expectation\\\", \\\"headline\\\": \\\"We Always Try To Understand Users Expectation\\\", \\\"description\\\": \\\"<p data-block-key=\\\\\\\"gd4f2\\\\\\\">Our numbers speak for themselves. You only need to describe your assignment, sit back and wait.</p>\\\"}, \\\"id\\\": \\\"e4c635fc-6fde-41b5-984c-9e2b26e9ab4f\\\"}]\", \"data_card\": \"[{\\\"type\\\": \\\"data_counter\\\", \\\"value\\\": {\\\"cards\\\": [{\\\"type\\\": \\\"item\\\", \\\"value\\\": {\\\"max_count\\\": \\\"102\\\", \\\"item_text\\\": \\\"Writers online now\\\"}, \\\"id\\\": \\\"47f54c0c-5958-4330-8fae-3034ce4f799d\\\"}, {\\\"type\\\": \\\"item\\\", \\\"value\\\": {\\\"max_count\\\": \\\"500\\\", \\\"item_text\\\": \\\"Writers active\\\"}, \\\"id\\\": \\\"b275a601-a832-4c68-8e8b-7e5b2b16a86d\\\"}, {\\\"type\\\": \\\"item\\\", \\\"value\\\": {\\\"max_count\\\": \\\"1084\\\", \\\"item_text\\\": \\\"Delivered orders\\\"}, \\\"id\\\": \\\"658e518a-d185-4cb5-a675-dd9101ec98bd\\\"}, {\\\"type\\\": \\\"item\\\", \\\"value\\\": {\\\"max_count\\\": \\\"19\\\", \\\"item_text\\\": \\\"Visitors\\\"}, \\\"id\\\": \\\"e47e1bee-7786-485d-ae83-925226d2e95e\\\"}]}, \\\"id\\\": \\\"98d4c147-5acc-4c03-a632-4204bf676fdd\\\"}]\", \"right_points\": \"[{\\\"type\\\": \\\"right_points\\\", \\\"value\\\": \\\"Originality 100%\\\", \\\"id\\\": \\\"c1d72dce-d1a1-443b-a9fa-977e90b207a1\\\"}, {\\\"type\\\": \\\"right_points\\\", \\\"value\\\": \\\"Confidentiality 100%\\\", \\\"id\\\": \\\"f04f9e87-0d9a-4767-99f4-b699b04e659d\\\"}, {\\\"type\\\": \\\"right_points\\\", \\\"value\\\": \\\"Punctuality 100%\\\", \\\"id\\\": \\\"6c16e246-2633-4484-b90e-09df71a40377\\\"}, {\\\"type\\\": \\\"right_points\\\", \\\"value\\\": \\\"Exemplary academic rigor\\\", \\\"id\\\": \\\"21826dce-16ba-4d2c-9daa-060375c4a9d2\\\"}]\", \"wagtail_admin_comments\": []}", "approved_go_live_at": null}}, {"model": "wagtailcore.pagerevision", "pk": 20, "fields": {"page": 3, "submitted_for_moderation": false, "created_at": "2022-04-20T07:46:00.999Z", "user": 1, "content_json": "{\"pk\": 3, \"path\": \"00010001\", \"depth\": 2, \"numchild\": 0, \"translation_key\": \"17387280-625c-4807-88c7-96830c31635b\", \"locale\": 1, \"title\": \"Home\", \"draft_title\": \"Home\", \"slug\": \"home\", \"content_type\": 2, \"live\": true, \"has_unpublished_changes\": false, \"url_path\": \"/home/\", \"owner\": null, \"seo_title\": \"The Nursing Ace\", \"show_in_menus\": true, \"search_description\": \"Welcome to Nursing Ace website\", \"go_live_at\": null, \"expire_at\": null, \"expired\": false, \"locked\": false, \"locked_at\": null, \"locked_by\": null, \"first_published_at\": \"2022-04-16T23:06:54.322Z\", \"last_published_at\": \"2022-04-20T07:32:37.943Z\", \"latest_revision_created_at\": \"2022-04-20T07:32:37.177Z\", \"live_revision\": 19, \"alias_of\": null, \"search_image\": null, \"banner_title\": \"The Nursing Ace, Your Medical Essay Writers\", \"banner_description\": \"Nursing Ace comprises of competent and knowledgeable writers in a wide range of medical writing tasks and research to suit your individual and academic needs.\", \"banner_cta\": null, \"section_about\": \"[{\\\"type\\\": \\\"About_section\\\", \\\"value\\\": {\\\"eyebrow\\\": \\\"About us\\\", \\\"headline\\\": \\\"Home for competent and knowledgeable writers\\\", \\\"description\\\": \\\"<p data-block-key=\\\\\\\"axr4a\\\\\\\">We are available to assist you in your ADN, BSN, master&#x27;s, and doctorate research and writing tasks, no matter the urgency and complexity.\\\\u00a0 \\\\u00a0\\\\u00a0</p>\\\"}, \\\"id\\\": \\\"29b85696-4abe-41b9-a8c3-ef00d3a80dff\\\"}]\", \"about_bullet\": \"[{\\\"type\\\": \\\"about_bullet\\\", \\\"value\\\": \\\"Buy Essay\\\", \\\"id\\\": \\\"d3ab82ef-45b9-433f-988d-884d6c37b6da\\\"}, {\\\"type\\\": \\\"about_bullet\\\", \\\"value\\\": \\\"Academic Writing\\\", \\\"id\\\": \\\"94a6384a-6c8c-4792-b0ad-04ba40d08cf8\\\"}, {\\\"type\\\": \\\"about_bullet\\\", \\\"value\\\": \\\"Editing Services\\\", \\\"id\\\": \\\"1725c806-60f8-411f-b15f-6372aed9d7bf\\\"}, {\\\"type\\\": \\\"about_bullet\\\", \\\"value\\\": \\\"Dissertation Writing\\\", \\\"id\\\": \\\"e4bde57c-7509-4789-ba91-67fc533a29e9\\\"}, {\\\"type\\\": \\\"about_bullet\\\", \\\"value\\\": \\\"Term Paper Writing\\\", \\\"id\\\": \\\"a267ddca-7209-4ca9-98eb-97b17431cb67\\\"}, {\\\"type\\\": \\\"about_bullet\\\", \\\"value\\\": \\\"Thesis Writing\\\", \\\"id\\\": \\\"73fd981f-25b3-4f95-9a90-917796614aa6\\\"}]\", \"section_about_content\": \"[{\\\"type\\\": \\\"description\\\", \\\"value\\\": \\\"<p data-block-key=\\\\\\\"gevo9\\\\\\\">The Nursing Ace comprises competent and knowledgeable writers in a wide range of medical writing tasks and research to suit your individual and academic needs.\\\\u00a0 Throughout our coaching experience, you will acquire the confidence, tools, and assistance to enable you to succeed in your respective nursing program.</p><p data-block-key=\\\\\\\"aursj\\\\\\\">We empower you to become the leader and nurse you desire. Our medical writing and coaching services are customized to your requirements, with great emphasis on <b>originality, confidentiality, punctuality, and exemplary academic rigor.\\\\u00a0</b></p>\\\", \\\"id\\\": \\\"af4d2cc5-3053-43e6-8b4e-0d5b09975684\\\"}]\", \"section_about_image\": 1, \"core_features\": \"[{\\\"type\\\": \\\"section_core_section\\\", \\\"value\\\": {\\\"eyebrow\\\": \\\"Build for your nursing program\\\", \\\"headline\\\": \\\"Our Core features\\\", \\\"description\\\": \\\"<p data-block-key=\\\\\\\"yyz8q\\\\\\\">We believe that no matter how good you are in nursing practice,\\\\u00a0 our assistance in your writing and research tasks will make you even better.</p>\\\"}, \\\"id\\\": \\\"6ab0267f-26a3-4fc4-9ba6-f15cab1aad3c\\\"}]\", \"core_features_cards\": \"[{\\\"type\\\": \\\"features_cards\\\", \\\"value\\\": {\\\"cards\\\": [{\\\"type\\\": \\\"item\\\", \\\"value\\\": {\\\"fontawesome\\\": \\\"clock-rotate-left\\\", \\\"headline\\\": \\\"24/7 Support\\\", \\\"description\\\": \\\"We are always available for your support. You're guaranteed assistance either by phone, email, or chat.\\\"}, \\\"id\\\": \\\"a0470f30-8d4b-40f6-905c-ecbde8c9127c\\\"}, {\\\"type\\\": \\\"item\\\", \\\"value\\\": {\\\"fontawesome\\\": \\\"eye-slash\\\", \\\"headline\\\": \\\"Anonymity\\\", \\\"description\\\": \\\"We care about the privacy of our clients and when you pay for essays, we will never share your personal information with any third parties or even paper writers.\\\"}, \\\"id\\\": \\\"7360b303-46f1-4d6b-9b17-cbedd01e1fbe\\\"}, {\\\"type\\\": \\\"item\\\", \\\"value\\\": {\\\"fontawesome\\\": \\\"infinity\\\", \\\"headline\\\": \\\"Unlimited & Free Edits\\\", \\\"description\\\": \\\"When you pay for essay writing, you have 30 days after the order was completed to ask our essay writers for free revisions, in case you need any.\\\"}, \\\"id\\\": \\\"2e48a07b-6b28-4bf3-8008-cb80f742ccd1\\\"}]}, \\\"id\\\": \\\"ccedba89-b503-42fb-9551-12606d9fb409\\\"}]\", \"citation_hub\": \"[{\\\"type\\\": \\\"citation_section\\\", \\\"value\\\": {\\\"eyebrow\\\": \\\"Citation Hub\\\", \\\"headline\\\": \\\"Get your paper cited in the citation style of your choice\\\", \\\"description\\\": \\\"\\\"}, \\\"id\\\": \\\"92af91db-2970-46eb-b939-d872bccaa2ac\\\"}]\", \"citation_styles\": \"[{\\\"type\\\": \\\"citationStyle\\\", \\\"value\\\": {\\\"eyebrow\\\": \\\"Harvard Style\\\", \\\"headline\\\": \\\"Harvard Format Citation Guide\\\", \\\"description\\\": \\\"<p data-block-key=\\\\\\\"s33ys\\\\\\\">This is a complete guide to Harvard in-text and reference list citations. This easy-to-use, comprehensive guide makes citing any source easy. Check out our other citation guides on\\\\u00a0APA\\\\u00a0and\\\\u00a0MLA 8\\\\u00a0referencing.</p>\\\", \\\"image\\\": 2}, \\\"id\\\": \\\"1792c78c-c2e3-419a-bb98-b716cec32f8d\\\"}, {\\\"type\\\": \\\"citationStyle\\\", \\\"value\\\": {\\\"eyebrow\\\": \\\"MLA Style\\\", \\\"headline\\\": \\\"MLA 8 Citation Guide\\\", \\\"description\\\": \\\"<p data-block-key=\\\\\\\"s33ys\\\\\\\">This is a complete guide to MLA 8 (Modern Language Association, 8th edition) in-text and reference list citations. This easy-to-use, comprehensive guide makes citing any source easy. Check out our other citation guides on\\\\u00a0APA\\\\u00a0and\\\\u00a0Harvard\\\\u00a0referencing.</p>\\\", \\\"image\\\": 3}, \\\"id\\\": \\\"e6a4b5cc-6823-4a33-bf92-8cad0b631cca\\\"}, {\\\"type\\\": \\\"citationStyle\\\", \\\"value\\\": {\\\"eyebrow\\\": \\\"APA Style\\\", \\\"headline\\\": \\\"APA Format Citation Guide\\\", \\\"description\\\": \\\"<p data-block-key=\\\\\\\"s33ys\\\\\\\">This is a complete guide to APA (American Psychological Association) in-text and reference list citations. This easy-to-use, comprehensive guide makes citing any source easy.\\\\u00a0</p>\\\", \\\"image\\\": 4}, \\\"id\\\": \\\"04147b97-1323-4615-9fc5-46a2ce31bae4\\\"}]\", \"timely_updates\": \"[{\\\"type\\\": \\\"timely_updates\\\", \\\"value\\\": {\\\"eyebrow\\\": \\\"Right to your inbox\\\", \\\"headline\\\": \\\"Get timely updates and fresh ideas delivered to your inbox\\\", \\\"description\\\": \\\"<p data-block-key=\\\\\\\"f18i0\\\\\\\">The nursing field is continuously changing. We continuously produce new content based on curriculum updates requirements. Whether you&#x27;re in school or in practice, you can use our free content to stay updated on the trend.</p>\\\"}, \\\"id\\\": \\\"f19ad4e4-a162-460a-8735-edeab16c6407\\\"}]\", \"timely_updates_bullet\": \"[{\\\"type\\\": \\\"updates_bullet\\\", \\\"value\\\": \\\"Assignment support\\\", \\\"id\\\": \\\"9419b52e-9a02-4ff7-b5e0-116c892b4281\\\"}, {\\\"type\\\": \\\"updates_bullet\\\", \\\"value\\\": \\\"Free updates\\\", \\\"id\\\": \\\"df1863b2-b2e4-473c-bad7-81b0ca4d5725\\\"}, {\\\"type\\\": \\\"updates_bullet\\\", \\\"value\\\": \\\"Free samples\\\", \\\"id\\\": \\\"d1a41408-9f2a-4269-b4a0-88f1c2a60de3\\\"}, {\\\"type\\\": \\\"updates_bullet\\\", \\\"value\\\": \\\"Frequent Discounts\\\", \\\"id\\\": \\\"4658cf2c-65b6-4b5b-9e21-622440619609\\\"}]\", \"datasection\": \"[{\\\"type\\\": \\\"datasection_headings\\\", \\\"value\\\": {\\\"eyebrow\\\": \\\"Your Expectation\\\", \\\"headline\\\": \\\"We Always Try To Understand Users Expectation\\\", \\\"description\\\": \\\"<p data-block-key=\\\\\\\"gd4f2\\\\\\\">Our numbers speak for themselves. You only need to describe your assignment, sit back and wait.</p>\\\"}, \\\"id\\\": \\\"e4c635fc-6fde-41b5-984c-9e2b26e9ab4f\\\"}]\", \"data_card\": \"[{\\\"type\\\": \\\"data_counter\\\", \\\"value\\\": {\\\"cards\\\": [{\\\"type\\\": \\\"item\\\", \\\"value\\\": {\\\"max_count\\\": \\\"102\\\", \\\"item_text\\\": \\\"Writers online now\\\"}, \\\"id\\\": \\\"47f54c0c-5958-4330-8fae-3034ce4f799d\\\"}, {\\\"type\\\": \\\"item\\\", \\\"value\\\": {\\\"max_count\\\": \\\"500\\\", \\\"item_text\\\": \\\"Writers active\\\"}, \\\"id\\\": \\\"b275a601-a832-4c68-8e8b-7e5b2b16a86d\\\"}, {\\\"type\\\": \\\"item\\\", \\\"value\\\": {\\\"max_count\\\": \\\"1084\\\", \\\"item_text\\\": \\\"Delivered orders\\\"}, \\\"id\\\": \\\"658e518a-d185-4cb5-a675-dd9101ec98bd\\\"}, {\\\"type\\\": \\\"item\\\", \\\"value\\\": {\\\"max_count\\\": \\\"19\\\", \\\"item_text\\\": \\\"Visitors\\\"}, \\\"id\\\": \\\"e47e1bee-7786-485d-ae83-925226d2e95e\\\"}]}, \\\"id\\\": \\\"98d4c147-5acc-4c03-a632-4204bf676fdd\\\"}]\", \"right_points\": \"[{\\\"type\\\": \\\"right_points\\\", \\\"value\\\": \\\"Originality 100%\\\", \\\"id\\\": \\\"c1d72dce-d1a1-443b-a9fa-977e90b207a1\\\"}, {\\\"type\\\": \\\"right_points\\\", \\\"value\\\": \\\"Confidentiality 100%\\\", \\\"id\\\": \\\"f04f9e87-0d9a-4767-99f4-b699b04e659d\\\"}, {\\\"type\\\": \\\"right_points\\\", \\\"value\\\": \\\"Punctuality 100%\\\", \\\"id\\\": \\\"6c16e246-2633-4484-b90e-09df71a40377\\\"}, {\\\"type\\\": \\\"right_points\\\", \\\"value\\\": \\\"Exemplary academic rigor\\\", \\\"id\\\": \\\"21826dce-16ba-4d2c-9daa-060375c4a9d2\\\"}]\", \"wagtail_admin_comments\": []}", "approved_go_live_at": null}}, {"model": "wagtailcore.pagerevision", "pk": 21, "fields": {"page": 3, "submitted_for_moderation": false, "created_at": "2022-04-20T09:00:38.828Z", "user": 1, "content_json": "{\"pk\": 3, \"path\": \"00010001\", \"depth\": 2, \"numchild\": 0, \"translation_key\": \"17387280-625c-4807-88c7-96830c31635b\", \"locale\": 1, \"title\": \"Home\", \"draft_title\": \"Home\", \"slug\": \"home\", \"content_type\": 2, \"live\": true, \"has_unpublished_changes\": false, \"url_path\": \"/home/\", \"owner\": null, \"seo_title\": \"The Nursing Ace\", \"show_in_menus\": true, \"search_description\": \"Welcome to Nursing Ace website\", \"go_live_at\": null, \"expire_at\": null, \"expired\": false, \"locked\": false, \"locked_at\": null, \"locked_by\": null, \"first_published_at\": \"2022-04-16T23:06:54.322Z\", \"last_published_at\": \"2022-04-20T07:46:01.829Z\", \"latest_revision_created_at\": \"2022-04-20T07:46:00.999Z\", \"live_revision\": 20, \"alias_of\": null, \"search_image\": null, \"banner_title\": \"The Nursing Ace, Your Medical Essay Writers\", \"banner_description\": \"Nursing Ace comprises of competent and knowledgeable writers in a wide range of medical writing tasks and research to suit your individual and academic needs.\", \"banner_cta\": null, \"section_about\": \"[{\\\"type\\\": \\\"About_section\\\", \\\"value\\\": {\\\"eyebrow\\\": \\\"About us\\\", \\\"headline\\\": \\\"Home for competent and knowledgeable writers\\\", \\\"description\\\": \\\"<p data-block-key=\\\\\\\"axr4a\\\\\\\">We are available to assist you in your ADN, BSN, master&#x27;s, and doctorate research and writing tasks, no matter the urgency and complexity.\\\\u00a0 \\\\u00a0\\\\u00a0</p>\\\"}, \\\"id\\\": \\\"29b85696-4abe-41b9-a8c3-ef00d3a80dff\\\"}]\", \"about_bullet\": \"[{\\\"type\\\": \\\"about_bullet\\\", \\\"value\\\": \\\"Buy Essay\\\", \\\"id\\\": \\\"d3ab82ef-45b9-433f-988d-884d6c37b6da\\\"}, {\\\"type\\\": \\\"about_bullet\\\", \\\"value\\\": \\\"Academic Writing\\\", \\\"id\\\": \\\"94a6384a-6c8c-4792-b0ad-04ba40d08cf8\\\"}, {\\\"type\\\": \\\"about_bullet\\\", \\\"value\\\": \\\"Editing Services\\\", \\\"id\\\": \\\"1725c806-60f8-411f-b15f-6372aed9d7bf\\\"}, {\\\"type\\\": \\\"about_bullet\\\", \\\"value\\\": \\\"Dissertation Writing\\\", \\\"id\\\": \\\"e4bde57c-7509-4789-ba91-67fc533a29e9\\\"}, {\\\"type\\\": \\\"about_bullet\\\", \\\"value\\\": \\\"Term Paper Writing\\\", \\\"id\\\": \\\"a267ddca-7209-4ca9-98eb-97b17431cb67\\\"}, {\\\"type\\\": \\\"about_bullet\\\", \\\"value\\\": \\\"Thesis Writing\\\", \\\"id\\\": \\\"73fd981f-25b3-4f95-9a90-917796614aa6\\\"}]\", \"section_about_content\": \"[{\\\"type\\\": \\\"description\\\", \\\"value\\\": \\\"<p data-block-key=\\\\\\\"gevo9\\\\\\\">The Nursing Ace comprises competent and knowledgeable writers in a wide range of medical writing tasks and research to suit your individual and academic needs.\\\\u00a0 Throughout our coaching experience, you will acquire the confidence, tools, and assistance to enable you to succeed in your respective nursing program.</p><p data-block-key=\\\\\\\"aursj\\\\\\\">We empower you to become the leader and nurse you desire. Our medical writing and coaching services are customized to your requirements, with great emphasis on <b>originality, confidentiality, punctuality, and exemplary academic rigor.\\\\u00a0</b></p>\\\", \\\"id\\\": \\\"af4d2cc5-3053-43e6-8b4e-0d5b09975684\\\"}]\", \"section_about_image\": 1, \"core_features\": \"[{\\\"type\\\": \\\"section_core_section\\\", \\\"value\\\": {\\\"eyebrow\\\": \\\"Build for your nursing program\\\", \\\"headline\\\": \\\"Our Core features\\\", \\\"description\\\": \\\"<p data-block-key=\\\\\\\"yyz8q\\\\\\\">We believe that no matter how good you are in nursing practice,\\\\u00a0 our assistance in your writing and research tasks will make you even better.</p>\\\"}, \\\"id\\\": \\\"6ab0267f-26a3-4fc4-9ba6-f15cab1aad3c\\\"}]\", \"core_features_cards\": \"[{\\\"type\\\": \\\"features_cards\\\", \\\"value\\\": {\\\"cards\\\": [{\\\"type\\\": \\\"item\\\", \\\"value\\\": {\\\"fontawesome\\\": \\\"clock-rotate-left\\\", \\\"headline\\\": \\\"24/7 Support\\\", \\\"description\\\": \\\"We are always available for your support. You're guaranteed assistance either by phone, email, or chat.\\\"}, \\\"id\\\": \\\"a0470f30-8d4b-40f6-905c-ecbde8c9127c\\\"}, {\\\"type\\\": \\\"item\\\", \\\"value\\\": {\\\"fontawesome\\\": \\\"eye-slash\\\", \\\"headline\\\": \\\"Anonymity\\\", \\\"description\\\": \\\"We care about the privacy of our clients and when you pay for essays, we will never share your personal information with any third parties or even paper writers.\\\"}, \\\"id\\\": \\\"7360b303-46f1-4d6b-9b17-cbedd01e1fbe\\\"}, {\\\"type\\\": \\\"item\\\", \\\"value\\\": {\\\"fontawesome\\\": \\\"infinity\\\", \\\"headline\\\": \\\"Unlimited & Free Edits\\\", \\\"description\\\": \\\"When you pay for essay writing, you have 30 days after the order was completed to ask our essay writers for free revisions, in case you need any.\\\"}, \\\"id\\\": \\\"2e48a07b-6b28-4bf3-8008-cb80f742ccd1\\\"}]}, \\\"id\\\": \\\"ccedba89-b503-42fb-9551-12606d9fb409\\\"}]\", \"citation_hub\": \"[{\\\"type\\\": \\\"citation_section\\\", \\\"value\\\": {\\\"eyebrow\\\": \\\"Citation Hub\\\", \\\"headline\\\": \\\"Get your paper cited in the citation style of your choice\\\", \\\"description\\\": \\\"\\\"}, \\\"id\\\": \\\"92af91db-2970-46eb-b939-d872bccaa2ac\\\"}]\", \"citation_styles\": \"[{\\\"type\\\": \\\"citationStyle\\\", \\\"value\\\": {\\\"eyebrow\\\": \\\"Harvard Style\\\", \\\"headline\\\": \\\"Harvard Format Citation Guide\\\", \\\"description\\\": \\\"<p data-block-key=\\\\\\\"s33ys\\\\\\\">This is a complete guide to Harvard in-text and reference list citations. This easy-to-use, comprehensive guide makes citing any source easy. Check out our other citation guides on\\\\u00a0APA\\\\u00a0and\\\\u00a0MLA 8\\\\u00a0referencing.</p>\\\", \\\"image\\\": 2}, \\\"id\\\": \\\"1792c78c-c2e3-419a-bb98-b716cec32f8d\\\"}, {\\\"type\\\": \\\"citationStyle\\\", \\\"value\\\": {\\\"eyebrow\\\": \\\"MLA Style\\\", \\\"headline\\\": \\\"MLA 8 Citation Guide\\\", \\\"description\\\": \\\"<p data-block-key=\\\\\\\"s33ys\\\\\\\">This is a complete guide to MLA 8 (Modern Language Association, 8th edition) in-text and reference list citations. This easy-to-use, comprehensive guide makes citing any source easy. Check out our other citation guides on\\\\u00a0APA\\\\u00a0and\\\\u00a0Harvard\\\\u00a0referencing.</p>\\\", \\\"image\\\": 3}, \\\"id\\\": \\\"e6a4b5cc-6823-4a33-bf92-8cad0b631cca\\\"}, {\\\"type\\\": \\\"citationStyle\\\", \\\"value\\\": {\\\"eyebrow\\\": \\\"APA Style\\\", \\\"headline\\\": \\\"APA Format Citation Guide\\\", \\\"description\\\": \\\"<p data-block-key=\\\\\\\"s33ys\\\\\\\">This is a complete guide to APA (American Psychological Association) in-text and reference list citations. This easy-to-use, comprehensive guide makes citing any source easy.\\\\u00a0</p>\\\", \\\"image\\\": 4}, \\\"id\\\": \\\"04147b97-1323-4615-9fc5-46a2ce31bae4\\\"}]\", \"timely_updates\": \"[{\\\"type\\\": \\\"timely_updates\\\", \\\"value\\\": {\\\"eyebrow\\\": \\\"Right to your inbox\\\", \\\"headline\\\": \\\"Get timely updates and fresh ideas delivered to your inbox\\\", \\\"description\\\": \\\"<p data-block-key=\\\\\\\"f18i0\\\\\\\">The nursing field is continuously changing. We continuously produce new content based on curriculum updates requirements. Whether you&#x27;re in school or in practice, you can use our free content to stay updated on the trend.</p>\\\"}, \\\"id\\\": \\\"f19ad4e4-a162-460a-8735-edeab16c6407\\\"}]\", \"timely_updates_bullet\": \"[{\\\"type\\\": \\\"updates_bullet\\\", \\\"value\\\": \\\"Assignment support\\\", \\\"id\\\": \\\"9419b52e-9a02-4ff7-b5e0-116c892b4281\\\"}, {\\\"type\\\": \\\"updates_bullet\\\", \\\"value\\\": \\\"Free updates\\\", \\\"id\\\": \\\"df1863b2-b2e4-473c-bad7-81b0ca4d5725\\\"}, {\\\"type\\\": \\\"updates_bullet\\\", \\\"value\\\": \\\"Free samples\\\", \\\"id\\\": \\\"d1a41408-9f2a-4269-b4a0-88f1c2a60de3\\\"}, {\\\"type\\\": \\\"updates_bullet\\\", \\\"value\\\": \\\"Frequent Discounts\\\", \\\"id\\\": \\\"4658cf2c-65b6-4b5b-9e21-622440619609\\\"}]\", \"datasection\": \"[{\\\"type\\\": \\\"datasection_headings\\\", \\\"value\\\": {\\\"eyebrow\\\": \\\"Your Expectation\\\", \\\"headline\\\": \\\"We Always Try To Understand Users Expectation\\\", \\\"description\\\": \\\"<p data-block-key=\\\\\\\"gd4f2\\\\\\\">Our numbers speak for themselves. You only need to describe your assignment, sit back and wait.</p>\\\"}, \\\"id\\\": \\\"e4c635fc-6fde-41b5-984c-9e2b26e9ab4f\\\"}]\", \"data_card\": \"[{\\\"type\\\": \\\"data_counter\\\", \\\"value\\\": {\\\"cards\\\": [{\\\"type\\\": \\\"item\\\", \\\"value\\\": {\\\"max_count\\\": \\\"102\\\", \\\"item_text\\\": \\\"Writers online now\\\"}, \\\"id\\\": \\\"47f54c0c-5958-4330-8fae-3034ce4f799d\\\"}, {\\\"type\\\": \\\"item\\\", \\\"value\\\": {\\\"max_count\\\": \\\"500\\\", \\\"item_text\\\": \\\"Writers active\\\"}, \\\"id\\\": \\\"b275a601-a832-4c68-8e8b-7e5b2b16a86d\\\"}, {\\\"type\\\": \\\"item\\\", \\\"value\\\": {\\\"max_count\\\": \\\"1084\\\", \\\"item_text\\\": \\\"Delivered orders\\\"}, \\\"id\\\": \\\"658e518a-d185-4cb5-a675-dd9101ec98bd\\\"}, {\\\"type\\\": \\\"item\\\", \\\"value\\\": {\\\"max_count\\\": \\\"19\\\", \\\"item_text\\\": \\\"Visitors\\\"}, \\\"id\\\": \\\"e47e1bee-7786-485d-ae83-925226d2e95e\\\"}]}, \\\"id\\\": \\\"98d4c147-5acc-4c03-a632-4204bf676fdd\\\"}]\", \"data_bullets\": \"[{\\\"type\\\": \\\"data_bullets\\\", \\\"value\\\": \\\"Originality 100%\\\", \\\"id\\\": \\\"7fc9a5ed-2e41-4a20-9a6b-cc6f55d301f9\\\"}, {\\\"type\\\": \\\"data_bullets\\\", \\\"value\\\": \\\"Confidentiality 100%\\\", \\\"id\\\": \\\"660fb459-750b-4adf-9436-3fa59f26084e\\\"}, {\\\"type\\\": \\\"data_bullets\\\", \\\"value\\\": \\\"Punctuality 100%\\\", \\\"id\\\": \\\"7d2e8e58-90f8-4dfc-a7c6-6e7b74dbca67\\\"}, {\\\"type\\\": \\\"data_bullets\\\", \\\"value\\\": \\\"Exemplary academic rigor 100%\\\", \\\"id\\\": \\\"60819c8c-0979-4d64-aed1-cf968aa75351\\\"}]\", \"wagtail_admin_comments\": []}", "approved_go_live_at": null}}, {"model": "wagtailcore.pagerevision", "pk": 22, "fields": {"page": 4, "submitted_for_moderation": false, "created_at": "2022-04-20T09:31:28.647Z", "user": 1, "content_json": "{\"pk\": 4, \"path\": \"000100010001\", \"depth\": 3, \"numchild\": 0, \"translation_key\": \"346ce0c0-d3a0-4bdf-8879-e50bc5b84114\", \"locale\": 1, \"title\": \"About Us\", \"draft_title\": \"About Us\", \"slug\": \"about-us\", \"content_type\": 44, \"live\": true, \"has_unpublished_changes\": false, \"url_path\": \"/home/about-us/\", \"owner\": 1, \"seo_title\": \"\", \"show_in_menus\": false, \"search_description\": \"\", \"go_live_at\": null, \"expire_at\": null, \"expired\": false, \"locked\": false, \"locked_at\": null, \"locked_by\": null, \"first_published_at\": null, \"last_published_at\": null, \"latest_revision_created_at\": null, \"live_revision\": null, \"alias_of\": null, \"search_image\": null, \"section_about\": \"[{\\\"type\\\": \\\"About_section\\\", \\\"value\\\": {\\\"eyebrow\\\": \\\"About us\\\", \\\"headline\\\": \\\"Made for your academic needs\\\", \\\"description\\\": \\\"<p data-block-key=\\\\\\\"7sx2v\\\\\\\">The Nursing Ace comprises competent and knowledgeable writers in a wide range of medical writing tasks and research to suit your individual and academic needs.\\\\u00a0 Throughout our coaching experience, you will acquire the confidence, tools, and assistance to enable you to succeed in your respective nursing program.</p><p data-block-key=\\\\\\\"fbe2l\\\\\\\">Our approach to medical writing is empowering you to become the leader you desire to be in your nursing profession. We are aware that you have unique needs and so the coaching should be tailored accordingly.\\\\u00a0</p><p data-block-key=\\\\\\\"8014i\\\\\\\">Our medical writing and coaching services are customized to your requirements, with great emphasis on\\\\u00a0<b>originality, confidentiality, punctuality, and exemplary academic rigor.\\\\u00a0</b></p><p data-block-key=\\\\\\\"52ame\\\\\\\">We believe that no matter how good you are in nursing practice,\\\\u00a0 our assistance in your writing and research tasks will make you even better. We are available to assist you in your ADN, BSN, master&#x27;s, and doctorate research and writing tasks, no matter the urgency and complexity.\\\\u00a0 \\\\u00a0\\\\u00a0</p><p data-block-key=\\\\\\\"84gko\\\\\\\"><b>Contact us</b>\\\\u00a0today for a head-start to your professional and nursing school success.\\\\u00a0</p>\\\"}, \\\"id\\\": \\\"4bbf5f9d-ceed-40f0-82a5-f699c3faaf0c\\\"}]\", \"section_about_image\": 5, \"core_values\": \"[{\\\"type\\\": \\\"section_core_section\\\", \\\"value\\\": {\\\"eyebrow\\\": \\\"Our Core Values\\\", \\\"headline\\\": \\\"How We Do And We Love Keeping It That Way\\\", \\\"description\\\": \\\"<p data-block-key=\\\\\\\"fm7bq\\\\\\\">Our values are your guiding principles and we love keeping it that way. These values provide direction for each of us so we can be at our best.</p>\\\"}, \\\"id\\\": \\\"9e725bd3-5434-4bdd-8015-c677cb9eb46e\\\"}]\", \"core_values_cards\": \"[{\\\"type\\\": \\\"values_cards\\\", \\\"value\\\": {\\\"cards\\\": [{\\\"type\\\": \\\"item\\\", \\\"value\\\": {\\\"fontawesome\\\": \\\"\\\", \\\"headline\\\": \\\"Insist on the Highest Standards\\\", \\\"description\\\": \\\"Our relentlessly to high standards keeps us continuously raising the bar and driving our writers to deliver highly researched papers, zero grammatical errors, and unique solutions.\\\"}, \\\"id\\\": \\\"c1823577-322e-4916-8116-455f06521b72\\\"}, {\\\"type\\\": \\\"item\\\", \\\"value\\\": {\\\"fontawesome\\\": \\\"\\\", \\\"headline\\\": \\\"Ownership\\\", \\\"description\\\": \\\"When you pass we pass. We focus on our long-term relationship with you. We think long-term and don\\\\u2019t sacrifice the long-term value for short-term results.\\\"}, \\\"id\\\": \\\"8cb4babc-8a94-4d62-90ff-ad14ac1c5ff6\\\"}, {\\\"type\\\": \\\"item\\\", \\\"value\\\": {\\\"fontawesome\\\": \\\"\\\", \\\"headline\\\": \\\"Customer Obsession\\\", \\\"description\\\": \\\"We put our customer interest first and then work backward. After understanding what you need we go ahead and tailor the paper towards your class requirements and readings.\\\"}, \\\"id\\\": \\\"b41bd543-d9d6-42a1-af9a-6460272649e9\\\"}]}, \\\"id\\\": \\\"0ba82a35-de98-4590-ad1c-79f7cff09c14\\\"}]\", \"wagtail_admin_comments\": []}", "approved_go_live_at": null}}, {"model": "wagtailcore.pagerevision", "pk": 23, "fields": {"page": 3, "submitted_for_moderation": false, "created_at": "2022-04-20T17:38:55.372Z", "user": 1, "content_json": "{\"pk\": 3, \"path\": \"00010001\", \"depth\": 2, \"numchild\": 1, \"translation_key\": \"17387280-625c-4807-88c7-96830c31635b\", \"locale\": 1, \"title\": \"Home\", \"draft_title\": \"Home\", \"slug\": \"home\", \"content_type\": 2, \"live\": true, \"has_unpublished_changes\": false, \"url_path\": \"/home/\", \"owner\": null, \"seo_title\": \"The Nursing Ace\", \"show_in_menus\": true, \"search_description\": \"Welcome to Nursing Ace website\", \"go_live_at\": null, \"expire_at\": null, \"expired\": false, \"locked\": false, \"locked_at\": null, \"locked_by\": null, \"first_published_at\": \"2022-04-16T23:06:54.322Z\", \"last_published_at\": \"2022-04-20T09:00:40.864Z\", \"latest_revision_created_at\": \"2022-04-20T09:00:38.828Z\", \"live_revision\": 21, \"alias_of\": null, \"search_image\": null, \"banner_title\": \"The Nursing Ace, Your Medical Essay Writers\", \"banner_description\": \"Nursing Ace comprises of competent and knowledgeable writers in a wide range of medical writing tasks and research to suit your individual and academic needs.\", \"banner_cta\": null, \"section_about\": \"[{\\\"type\\\": \\\"About_section\\\", \\\"value\\\": {\\\"eyebrow\\\": \\\"About us\\\", \\\"headline\\\": \\\"Home for competent and knowledgeable writers\\\", \\\"description\\\": \\\"<p data-block-key=\\\\\\\"axr4a\\\\\\\">We are available to assist you in your ADN, BSN, master&#x27;s, and doctorate research and writing tasks, no matter the urgency and complexity.\\\\u00a0 \\\\u00a0\\\\u00a0</p>\\\"}, \\\"id\\\": \\\"29b85696-4abe-41b9-a8c3-ef00d3a80dff\\\"}]\", \"jumbo_area\": \"[{\\\"type\\\": \\\"jumbo_cards\\\", \\\"value\\\": {\\\"cards\\\": [{\\\"type\\\": \\\"item\\\", \\\"value\\\": {\\\"cardicon\\\": 8, \\\"headline\\\": \\\"Plagiarism-free guarantee\\\", \\\"description\\\": \\\"Our essay writers always work hard to guarantee 100% original and unique texts.\\\"}, \\\"id\\\": \\\"4de796e5-5582-4908-83a0-27f346933640\\\"}, {\\\"type\\\": \\\"item\\\", \\\"value\\\": {\\\"cardicon\\\": 7, \\\"headline\\\": \\\"World-class Writers\\\", \\\"description\\\": \\\"Leverage world-class talented writers who have been selected from specific fields.\\\"}, \\\"id\\\": \\\"f7eace1c-3bd7-4e79-a16c-9c18395d9d5b\\\"}, {\\\"type\\\": \\\"item\\\", \\\"value\\\": {\\\"cardicon\\\": 6, \\\"headline\\\": \\\"Confidentiality & privacy\\\", \\\"description\\\": \\\"We adhere to our privacy and confidentiality policy that guarantees 100% confidentiality\\\"}, \\\"id\\\": \\\"dccbbb04-269b-42fc-88dc-3d36ce62fbf8\\\"}, {\\\"type\\\": \\\"item\\\", \\\"value\\\": {\\\"cardicon\\\": 9, \\\"headline\\\": \\\"High Quality Research\\\", \\\"description\\\": \\\"Our writers conduct extensive research to timely deliver your solution assignment.\\\"}, \\\"id\\\": \\\"9e8736b1-e13b-45e1-b2c8-52a90fa347a2\\\"}]}, \\\"id\\\": \\\"bc3e93cf-ab96-4a38-bb01-cf2851368fce\\\"}]\", \"about_bullet\": \"[{\\\"type\\\": \\\"about_bullet\\\", \\\"value\\\": \\\"Buy Essay\\\", \\\"id\\\": \\\"d3ab82ef-45b9-433f-988d-884d6c37b6da\\\"}, {\\\"type\\\": \\\"about_bullet\\\", \\\"value\\\": \\\"Academic Writing\\\", \\\"id\\\": \\\"94a6384a-6c8c-4792-b0ad-04ba40d08cf8\\\"}, {\\\"type\\\": \\\"about_bullet\\\", \\\"value\\\": \\\"Editing Services\\\", \\\"id\\\": \\\"1725c806-60f8-411f-b15f-6372aed9d7bf\\\"}, {\\\"type\\\": \\\"about_bullet\\\", \\\"value\\\": \\\"Dissertation Writing\\\", \\\"id\\\": \\\"e4bde57c-7509-4789-ba91-67fc533a29e9\\\"}, {\\\"type\\\": \\\"about_bullet\\\", \\\"value\\\": \\\"Term Paper Writing\\\", \\\"id\\\": \\\"a267ddca-7209-4ca9-98eb-97b17431cb67\\\"}, {\\\"type\\\": \\\"about_bullet\\\", \\\"value\\\": \\\"Thesis Writing\\\", \\\"id\\\": \\\"73fd981f-25b3-4f95-9a90-917796614aa6\\\"}]\", \"section_about_content\": \"[{\\\"type\\\": \\\"description\\\", \\\"value\\\": \\\"<p data-block-key=\\\\\\\"gevo9\\\\\\\">The Nursing Ace comprises competent and knowledgeable writers in a wide range of medical writing tasks and research to suit your individual and academic needs.\\\\u00a0 Throughout our coaching experience, you will acquire the confidence, tools, and assistance to enable you to succeed in your respective nursing program.</p><p data-block-key=\\\\\\\"aursj\\\\\\\">We empower you to become the leader and nurse you desire. Our medical writing and coaching services are customized to your requirements, with great emphasis on <b>originality, confidentiality, punctuality, and exemplary academic rigor.\\\\u00a0</b></p>\\\", \\\"id\\\": \\\"af4d2cc5-3053-43e6-8b4e-0d5b09975684\\\"}]\", \"section_about_image\": 1, \"core_features\": \"[{\\\"type\\\": \\\"section_core_section\\\", \\\"value\\\": {\\\"eyebrow\\\": \\\"Build for your nursing program\\\", \\\"headline\\\": \\\"Our Core features\\\", \\\"description\\\": \\\"<p data-block-key=\\\\\\\"yyz8q\\\\\\\">We believe that no matter how good you are in nursing practice,\\\\u00a0 our assistance in your writing and research tasks will make you even better.</p>\\\"}, \\\"id\\\": \\\"6ab0267f-26a3-4fc4-9ba6-f15cab1aad3c\\\"}]\", \"core_features_cards\": \"[{\\\"type\\\": \\\"features_cards\\\", \\\"value\\\": {\\\"cards\\\": [{\\\"type\\\": \\\"item\\\", \\\"value\\\": {\\\"fontawesome\\\": \\\"clock-rotate-left\\\", \\\"headline\\\": \\\"24/7 Support\\\", \\\"description\\\": \\\"We are always available for your support. You're guaranteed assistance either by phone, email, or chat.\\\"}, \\\"id\\\": \\\"a0470f30-8d4b-40f6-905c-ecbde8c9127c\\\"}, {\\\"type\\\": \\\"item\\\", \\\"value\\\": {\\\"fontawesome\\\": \\\"eye-slash\\\", \\\"headline\\\": \\\"Anonymity\\\", \\\"description\\\": \\\"We care about the privacy of our clients and when you pay for essays, we will never share your personal information with any third parties or even paper writers.\\\"}, \\\"id\\\": \\\"7360b303-46f1-4d6b-9b17-cbedd01e1fbe\\\"}, {\\\"type\\\": \\\"item\\\", \\\"value\\\": {\\\"fontawesome\\\": \\\"infinity\\\", \\\"headline\\\": \\\"Unlimited & Free Edits\\\", \\\"description\\\": \\\"When you pay for essay writing, you have 30 days after the order was completed to ask our essay writers for free revisions, in case you need any.\\\"}, \\\"id\\\": \\\"2e48a07b-6b28-4bf3-8008-cb80f742ccd1\\\"}]}, \\\"id\\\": \\\"ccedba89-b503-42fb-9551-12606d9fb409\\\"}]\", \"citation_hub\": \"[{\\\"type\\\": \\\"citation_section\\\", \\\"value\\\": {\\\"eyebrow\\\": \\\"Citation Hub\\\", \\\"headline\\\": \\\"Get your paper cited in the citation style of your choice\\\", \\\"description\\\": \\\"\\\"}, \\\"id\\\": \\\"92af91db-2970-46eb-b939-d872bccaa2ac\\\"}]\", \"citation_styles\": \"[{\\\"type\\\": \\\"citationStyle\\\", \\\"value\\\": {\\\"eyebrow\\\": \\\"Harvard Style\\\", \\\"headline\\\": \\\"Harvard Format Citation Guide\\\", \\\"description\\\": \\\"<p data-block-key=\\\\\\\"s33ys\\\\\\\">This is a complete guide to Harvard in-text and reference list citations. This easy-to-use, comprehensive guide makes citing any source easy. Check out our other citation guides on\\\\u00a0APA\\\\u00a0and\\\\u00a0MLA 8\\\\u00a0referencing.</p>\\\", \\\"image\\\": 2}, \\\"id\\\": \\\"1792c78c-c2e3-419a-bb98-b716cec32f8d\\\"}, {\\\"type\\\": \\\"citationStyle\\\", \\\"value\\\": {\\\"eyebrow\\\": \\\"MLA Style\\\", \\\"headline\\\": \\\"MLA 8 Citation Guide\\\", \\\"description\\\": \\\"<p data-block-key=\\\\\\\"s33ys\\\\\\\">This is a complete guide to MLA 8 (Modern Language Association, 8th edition) in-text and reference list citations. This easy-to-use, comprehensive guide makes citing any source easy. Check out our other citation guides on\\\\u00a0APA\\\\u00a0and\\\\u00a0Harvard\\\\u00a0referencing.</p>\\\", \\\"image\\\": 3}, \\\"id\\\": \\\"e6a4b5cc-6823-4a33-bf92-8cad0b631cca\\\"}, {\\\"type\\\": \\\"citationStyle\\\", \\\"value\\\": {\\\"eyebrow\\\": \\\"APA Style\\\", \\\"headline\\\": \\\"APA Format Citation Guide\\\", \\\"description\\\": \\\"<p data-block-key=\\\\\\\"s33ys\\\\\\\">This is a complete guide to APA (American Psychological Association) in-text and reference list citations. This easy-to-use, comprehensive guide makes citing any source easy.\\\\u00a0</p>\\\", \\\"image\\\": 4}, \\\"id\\\": \\\"04147b97-1323-4615-9fc5-46a2ce31bae4\\\"}]\", \"timely_updates\": \"[{\\\"type\\\": \\\"timely_updates\\\", \\\"value\\\": {\\\"eyebrow\\\": \\\"Right to your inbox\\\", \\\"headline\\\": \\\"Get timely updates and fresh ideas delivered to your inbox\\\", \\\"description\\\": \\\"<p data-block-key=\\\\\\\"f18i0\\\\\\\">The nursing field is continuously changing. We continuously produce new content based on curriculum updates requirements. Whether you&#x27;re in school or in practice, you can use our free content to stay updated on the trend.</p>\\\"}, \\\"id\\\": \\\"f19ad4e4-a162-460a-8735-edeab16c6407\\\"}]\", \"timely_updates_bullet\": \"[{\\\"type\\\": \\\"updates_bullet\\\", \\\"value\\\": \\\"Assignment support\\\", \\\"id\\\": \\\"9419b52e-9a02-4ff7-b5e0-116c892b4281\\\"}, {\\\"type\\\": \\\"updates_bullet\\\", \\\"value\\\": \\\"Free updates\\\", \\\"id\\\": \\\"df1863b2-b2e4-473c-bad7-81b0ca4d5725\\\"}, {\\\"type\\\": \\\"updates_bullet\\\", \\\"value\\\": \\\"Free samples\\\", \\\"id\\\": \\\"d1a41408-9f2a-4269-b4a0-88f1c2a60de3\\\"}, {\\\"type\\\": \\\"updates_bullet\\\", \\\"value\\\": \\\"Frequent Discounts\\\", \\\"id\\\": \\\"4658cf2c-65b6-4b5b-9e21-622440619609\\\"}]\", \"datasection\": \"[{\\\"type\\\": \\\"datasection_headings\\\", \\\"value\\\": {\\\"eyebrow\\\": \\\"Your Expectation\\\", \\\"headline\\\": \\\"We Always Try To Understand Users Expectation\\\", \\\"description\\\": \\\"<p data-block-key=\\\\\\\"gd4f2\\\\\\\">Our numbers speak for themselves. You only need to describe your assignment, sit back and wait.</p>\\\"}, \\\"id\\\": \\\"e4c635fc-6fde-41b5-984c-9e2b26e9ab4f\\\"}]\", \"data_card\": \"[{\\\"type\\\": \\\"data_counter\\\", \\\"value\\\": {\\\"cards\\\": [{\\\"type\\\": \\\"item\\\", \\\"value\\\": {\\\"max_count\\\": \\\"102\\\", \\\"item_text\\\": \\\"Writers online now\\\"}, \\\"id\\\": \\\"47f54c0c-5958-4330-8fae-3034ce4f799d\\\"}, {\\\"type\\\": \\\"item\\\", \\\"value\\\": {\\\"max_count\\\": \\\"500\\\", \\\"item_text\\\": \\\"Writers active\\\"}, \\\"id\\\": \\\"b275a601-a832-4c68-8e8b-7e5b2b16a86d\\\"}, {\\\"type\\\": \\\"item\\\", \\\"value\\\": {\\\"max_count\\\": \\\"1084\\\", \\\"item_text\\\": \\\"Delivered orders\\\"}, \\\"id\\\": \\\"658e518a-d185-4cb5-a675-dd9101ec98bd\\\"}, {\\\"type\\\": \\\"item\\\", \\\"value\\\": {\\\"max_count\\\": \\\"19\\\", \\\"item_text\\\": \\\"Visitors\\\"}, \\\"id\\\": \\\"e47e1bee-7786-485d-ae83-925226d2e95e\\\"}]}, \\\"id\\\": \\\"98d4c147-5acc-4c03-a632-4204bf676fdd\\\"}]\", \"data_bullets\": \"[{\\\"type\\\": \\\"data_bullets\\\", \\\"value\\\": \\\"Originality 100%\\\", \\\"id\\\": \\\"7fc9a5ed-2e41-4a20-9a6b-cc6f55d301f9\\\"}, {\\\"type\\\": \\\"data_bullets\\\", \\\"value\\\": \\\"Confidentiality 100%\\\", \\\"id\\\": \\\"660fb459-750b-4adf-9436-3fa59f26084e\\\"}, {\\\"type\\\": \\\"data_bullets\\\", \\\"value\\\": \\\"Punctuality 100%\\\", \\\"id\\\": \\\"7d2e8e58-90f8-4dfc-a7c6-6e7b74dbca67\\\"}, {\\\"type\\\": \\\"data_bullets\\\", \\\"value\\\": \\\"Exemplary academic rigor 100%\\\", \\\"id\\\": \\\"60819c8c-0979-4d64-aed1-cf968aa75351\\\"}]\", \"wagtail_admin_comments\": []}", "approved_go_live_at": null}}, {"model": "wagtailcore.pagerevision", "pk": 24, "fields": {"page": 3, "submitted_for_moderation": false, "created_at": "2022-04-20T18:06:04.949Z", "user": 1, "content_json": "{\"pk\": 3, \"path\": \"00010001\", \"depth\": 2, \"numchild\": 1, \"translation_key\": \"17387280-625c-4807-88c7-96830c31635b\", \"locale\": 1, \"title\": \"Home\", \"draft_title\": \"Home\", \"slug\": \"home\", \"content_type\": 2, \"live\": true, \"has_unpublished_changes\": false, \"url_path\": \"/home/\", \"owner\": null, \"seo_title\": \"The Nursing Ace\", \"show_in_menus\": true, \"search_description\": \"Welcome to Nursing Ace website\", \"go_live_at\": null, \"expire_at\": null, \"expired\": false, \"locked\": false, \"locked_at\": null, \"locked_by\": null, \"first_published_at\": \"2022-04-16T23:06:54.322Z\", \"last_published_at\": \"2022-04-20T17:38:57.280Z\", \"latest_revision_created_at\": \"2022-04-20T17:38:55.372Z\", \"live_revision\": 23, \"alias_of\": null, \"search_image\": null, \"banner_title\": \"The Nursing Ace, Your Medical Essay Writers\", \"banner_description\": \"Nursing Ace comprises of competent and knowledgeable writers in a wide range of medical writing tasks and research to suit your individual and academic needs.\", \"banner_cta\": null, \"section_about\": \"[{\\\"type\\\": \\\"About_section\\\", \\\"value\\\": {\\\"eyebrow\\\": \\\"Why us\\\", \\\"headline\\\": \\\"Home for competent and knowledgeable writers\\\", \\\"description\\\": \\\"<p data-block-key=\\\\\\\"axr4a\\\\\\\">We are available to assist you in your ADN, BSN, master&#x27;s, and doctorate research and writing tasks, no matter the urgency and complexity.\\\\u00a0 \\\\u00a0\\\\u00a0</p>\\\"}, \\\"id\\\": \\\"29b85696-4abe-41b9-a8c3-ef00d3a80dff\\\"}]\", \"jumbo_area\": \"[{\\\"type\\\": \\\"jumbo_cards\\\", \\\"value\\\": {\\\"cards\\\": [{\\\"type\\\": \\\"item\\\", \\\"value\\\": {\\\"cardicon\\\": 8, \\\"headline\\\": \\\"Plagiarism-free guarantee\\\", \\\"description\\\": \\\"Our essay writers always work hard to guarantee 100% original and unique texts.\\\"}, \\\"id\\\": \\\"4de796e5-5582-4908-83a0-27f346933640\\\"}, {\\\"type\\\": \\\"item\\\", \\\"value\\\": {\\\"cardicon\\\": 7, \\\"headline\\\": \\\"World-class Writers\\\", \\\"description\\\": \\\"Leverage world-class talented writers who have been selected from specific fields.\\\"}, \\\"id\\\": \\\"f7eace1c-3bd7-4e79-a16c-9c18395d9d5b\\\"}, {\\\"type\\\": \\\"item\\\", \\\"value\\\": {\\\"cardicon\\\": 6, \\\"headline\\\": \\\"Confidentiality & privacy\\\", \\\"description\\\": \\\"We adhere to our privacy and confidentiality policy that guarantees 100% confidentiality\\\"}, \\\"id\\\": \\\"dccbbb04-269b-42fc-88dc-3d36ce62fbf8\\\"}, {\\\"type\\\": \\\"item\\\", \\\"value\\\": {\\\"cardicon\\\": 9, \\\"headline\\\": \\\"High Quality Research\\\", \\\"description\\\": \\\"Our writers conduct extensive research to timely deliver your solution assignment.\\\"}, \\\"id\\\": \\\"9e8736b1-e13b-45e1-b2c8-52a90fa347a2\\\"}]}, \\\"id\\\": \\\"bc3e93cf-ab96-4a38-bb01-cf2851368fce\\\"}]\", \"about_bullet\": \"[{\\\"type\\\": \\\"about_bullet\\\", \\\"value\\\": \\\"Buy Essay\\\", \\\"id\\\": \\\"d3ab82ef-45b9-433f-988d-884d6c37b6da\\\"}, {\\\"type\\\": \\\"about_bullet\\\", \\\"value\\\": \\\"Academic Writing\\\", \\\"id\\\": \\\"94a6384a-6c8c-4792-b0ad-04ba40d08cf8\\\"}, {\\\"type\\\": \\\"about_bullet\\\", \\\"value\\\": \\\"Editing Services\\\", \\\"id\\\": \\\"1725c806-60f8-411f-b15f-6372aed9d7bf\\\"}, {\\\"type\\\": \\\"about_bullet\\\", \\\"value\\\": \\\"Dissertation Writing\\\", \\\"id\\\": \\\"e4bde57c-7509-4789-ba91-67fc533a29e9\\\"}, {\\\"type\\\": \\\"about_bullet\\\", \\\"value\\\": \\\"Term Paper Writing\\\", \\\"id\\\": \\\"a267ddca-7209-4ca9-98eb-97b17431cb67\\\"}, {\\\"type\\\": \\\"about_bullet\\\", \\\"value\\\": \\\"Thesis Writing\\\", \\\"id\\\": \\\"73fd981f-25b3-4f95-9a90-917796614aa6\\\"}]\", \"section_about_content\": \"[{\\\"type\\\": \\\"description\\\", \\\"value\\\": \\\"<p data-block-key=\\\\\\\"gevo9\\\\\\\">The Nursing Ace comprises competent and knowledgeable writers in a wide range of medical writing tasks and research to suit your individual and academic needs.\\\\u00a0 Throughout our coaching experience, you will acquire the confidence, tools, and assistance to enable you to succeed in your respective nursing program.</p><p data-block-key=\\\\\\\"aursj\\\\\\\">We empower you to become the leader and nurse you desire. Our medical writing and coaching services are customized to your requirements, with great emphasis on <b>originality, confidentiality, punctuality, and exemplary academic rigor.\\\\u00a0</b></p>\\\", \\\"id\\\": \\\"af4d2cc5-3053-43e6-8b4e-0d5b09975684\\\"}]\", \"section_about_image\": 1, \"core_features\": \"[{\\\"type\\\": \\\"section_core_section\\\", \\\"value\\\": {\\\"eyebrow\\\": \\\"Build for your nursing program\\\", \\\"headline\\\": \\\"Our Core features\\\", \\\"description\\\": \\\"<p data-block-key=\\\\\\\"yyz8q\\\\\\\">We believe that no matter how good you are in nursing practice,\\\\u00a0 our assistance in your writing and research tasks will make you even better.</p>\\\"}, \\\"id\\\": \\\"6ab0267f-26a3-4fc4-9ba6-f15cab1aad3c\\\"}]\", \"core_features_cards\": \"[{\\\"type\\\": \\\"features_cards\\\", \\\"value\\\": {\\\"cards\\\": [{\\\"type\\\": \\\"item\\\", \\\"value\\\": {\\\"fontawesome\\\": \\\"clock-rotate-left\\\", \\\"headline\\\": \\\"24/7 Support\\\", \\\"description\\\": \\\"We are always available for your support. You're guaranteed assistance either by phone, email, or chat.\\\"}, \\\"id\\\": \\\"a0470f30-8d4b-40f6-905c-ecbde8c9127c\\\"}, {\\\"type\\\": \\\"item\\\", \\\"value\\\": {\\\"fontawesome\\\": \\\"eye-slash\\\", \\\"headline\\\": \\\"Anonymity\\\", \\\"description\\\": \\\"We care about the privacy of our clients and when you pay for essays, we will never share your personal information with any third parties or even paper writers.\\\"}, \\\"id\\\": \\\"7360b303-46f1-4d6b-9b17-cbedd01e1fbe\\\"}, {\\\"type\\\": \\\"item\\\", \\\"value\\\": {\\\"fontawesome\\\": \\\"infinity\\\", \\\"headline\\\": \\\"Unlimited & Free Edits\\\", \\\"description\\\": \\\"When you pay for essay writing, you have 30 days after the order was completed to ask our essay writers for free revisions, in case you need any.\\\"}, \\\"id\\\": \\\"2e48a07b-6b28-4bf3-8008-cb80f742ccd1\\\"}]}, \\\"id\\\": \\\"ccedba89-b503-42fb-9551-12606d9fb409\\\"}]\", \"citation_hub\": \"[{\\\"type\\\": \\\"citation_section\\\", \\\"value\\\": {\\\"eyebrow\\\": \\\"Citation Hub\\\", \\\"headline\\\": \\\"Get your paper cited in the citation style of your choice\\\", \\\"description\\\": \\\"\\\"}, \\\"id\\\": \\\"92af91db-2970-46eb-b939-d872bccaa2ac\\\"}]\", \"citation_styles\": \"[{\\\"type\\\": \\\"citationStyle\\\", \\\"value\\\": {\\\"eyebrow\\\": \\\"Harvard Style\\\", \\\"headline\\\": \\\"Harvard Format Citation Guide\\\", \\\"description\\\": \\\"<p data-block-key=\\\\\\\"s33ys\\\\\\\">This is a complete guide to Harvard in-text and reference list citations. This easy-to-use, comprehensive guide makes citing any source easy. Check out our other citation guides on\\\\u00a0APA\\\\u00a0and\\\\u00a0MLA 8\\\\u00a0referencing.</p>\\\", \\\"image\\\": 2}, \\\"id\\\": \\\"1792c78c-c2e3-419a-bb98-b716cec32f8d\\\"}, {\\\"type\\\": \\\"citationStyle\\\", \\\"value\\\": {\\\"eyebrow\\\": \\\"MLA Style\\\", \\\"headline\\\": \\\"MLA 8 Citation Guide\\\", \\\"description\\\": \\\"<p data-block-key=\\\\\\\"s33ys\\\\\\\">This is a complete guide to MLA 8 (Modern Language Association, 8th edition) in-text and reference list citations. This easy-to-use, comprehensive guide makes citing any source easy. Check out our other citation guides on\\\\u00a0APA\\\\u00a0and\\\\u00a0Harvard\\\\u00a0referencing.</p>\\\", \\\"image\\\": 3}, \\\"id\\\": \\\"e6a4b5cc-6823-4a33-bf92-8cad0b631cca\\\"}, {\\\"type\\\": \\\"citationStyle\\\", \\\"value\\\": {\\\"eyebrow\\\": \\\"APA Style\\\", \\\"headline\\\": \\\"APA Format Citation Guide\\\", \\\"description\\\": \\\"<p data-block-key=\\\\\\\"s33ys\\\\\\\">This is a complete guide to APA (American Psychological Association) in-text and reference list citations. This easy-to-use, comprehensive guide makes citing any source easy.\\\\u00a0</p>\\\", \\\"image\\\": 4}, \\\"id\\\": \\\"04147b97-1323-4615-9fc5-46a2ce31bae4\\\"}]\", \"timely_updates\": \"[{\\\"type\\\": \\\"timely_updates\\\", \\\"value\\\": {\\\"eyebrow\\\": \\\"Right to your inbox\\\", \\\"headline\\\": \\\"Get timely updates and fresh ideas delivered to your inbox\\\", \\\"description\\\": \\\"<p data-block-key=\\\\\\\"f18i0\\\\\\\">The nursing field is continuously changing. We continuously produce new content based on curriculum updates requirements. Whether you&#x27;re in school or in practice, you can use our free content to stay updated on the trend.</p>\\\"}, \\\"id\\\": \\\"f19ad4e4-a162-460a-8735-edeab16c6407\\\"}]\", \"timely_updates_bullet\": \"[{\\\"type\\\": \\\"updates_bullet\\\", \\\"value\\\": \\\"Assignment support\\\", \\\"id\\\": \\\"9419b52e-9a02-4ff7-b5e0-116c892b4281\\\"}, {\\\"type\\\": \\\"updates_bullet\\\", \\\"value\\\": \\\"Free updates\\\", \\\"id\\\": \\\"df1863b2-b2e4-473c-bad7-81b0ca4d5725\\\"}, {\\\"type\\\": \\\"updates_bullet\\\", \\\"value\\\": \\\"Free samples\\\", \\\"id\\\": \\\"d1a41408-9f2a-4269-b4a0-88f1c2a60de3\\\"}, {\\\"type\\\": \\\"updates_bullet\\\", \\\"value\\\": \\\"Frequent Discounts\\\", \\\"id\\\": \\\"4658cf2c-65b6-4b5b-9e21-622440619609\\\"}]\", \"datasection\": \"[{\\\"type\\\": \\\"datasection_headings\\\", \\\"value\\\": {\\\"eyebrow\\\": \\\"Your Expectation\\\", \\\"headline\\\": \\\"We Always Try To Understand Users Expectation\\\", \\\"description\\\": \\\"<p data-block-key=\\\\\\\"gd4f2\\\\\\\">Our numbers speak for themselves. You only need to describe your assignment, sit back and wait.</p>\\\"}, \\\"id\\\": \\\"e4c635fc-6fde-41b5-984c-9e2b26e9ab4f\\\"}]\", \"data_card\": \"[{\\\"type\\\": \\\"data_counter\\\", \\\"value\\\": {\\\"cards\\\": [{\\\"type\\\": \\\"item\\\", \\\"value\\\": {\\\"max_count\\\": \\\"102\\\", \\\"item_text\\\": \\\"Writers online now\\\"}, \\\"id\\\": \\\"47f54c0c-5958-4330-8fae-3034ce4f799d\\\"}, {\\\"type\\\": \\\"item\\\", \\\"value\\\": {\\\"max_count\\\": \\\"500\\\", \\\"item_text\\\": \\\"Writers active\\\"}, \\\"id\\\": \\\"b275a601-a832-4c68-8e8b-7e5b2b16a86d\\\"}, {\\\"type\\\": \\\"item\\\", \\\"value\\\": {\\\"max_count\\\": \\\"1084\\\", \\\"item_text\\\": \\\"Delivered orders\\\"}, \\\"id\\\": \\\"658e518a-d185-4cb5-a675-dd9101ec98bd\\\"}, {\\\"type\\\": \\\"item\\\", \\\"value\\\": {\\\"max_count\\\": \\\"19\\\", \\\"item_text\\\": \\\"Visitors\\\"}, \\\"id\\\": \\\"e47e1bee-7786-485d-ae83-925226d2e95e\\\"}]}, \\\"id\\\": \\\"98d4c147-5acc-4c03-a632-4204bf676fdd\\\"}]\", \"data_bullets\": \"[{\\\"type\\\": \\\"data_bullets\\\", \\\"value\\\": \\\"Originality 100%\\\", \\\"id\\\": \\\"7fc9a5ed-2e41-4a20-9a6b-cc6f55d301f9\\\"}, {\\\"type\\\": \\\"data_bullets\\\", \\\"value\\\": \\\"Confidentiality 100%\\\", \\\"id\\\": \\\"660fb459-750b-4adf-9436-3fa59f26084e\\\"}, {\\\"type\\\": \\\"data_bullets\\\", \\\"value\\\": \\\"Punctuality 100%\\\", \\\"id\\\": \\\"7d2e8e58-90f8-4dfc-a7c6-6e7b74dbca67\\\"}, {\\\"type\\\": \\\"data_bullets\\\", \\\"value\\\": \\\"Exemplary academic rigor 100%\\\", \\\"id\\\": \\\"60819c8c-0979-4d64-aed1-cf968aa75351\\\"}]\", \"wagtail_admin_comments\": []}", "approved_go_live_at": null}}, {"model": "wagtailcore.pagerevision", "pk": 25, "fields": {"page": 5, "submitted_for_moderation": false, "created_at": "2022-04-20T20:15:31.114Z", "user": 1, "content_json": "{\"pk\": 5, \"path\": \"000100010002\", \"depth\": 3, \"numchild\": 0, \"translation_key\": \"de2531af-f1f1-42c1-ac2a-ac5b77781f66\", \"locale\": 1, \"title\": \"Samples\", \"draft_title\": \"Samples\", \"slug\": \"samples\", \"content_type\": 48, \"live\": true, \"has_unpublished_changes\": false, \"url_path\": \"/home/samples/\", \"owner\": 1, \"seo_title\": \"\", \"show_in_menus\": false, \"search_description\": \"\", \"go_live_at\": null, \"expire_at\": null, \"expired\": false, \"locked\": false, \"locked_at\": null, \"locked_by\": null, \"first_published_at\": null, \"last_published_at\": null, \"latest_revision_created_at\": null, \"live_revision\": null, \"alias_of\": null, \"search_image\": null, \"samples_per_page\": 20, \"wagtail_admin_comments\": []}", "approved_go_live_at": null}}, {"model": "wagtailcore.pagerevision", "pk": 26, "fields": {"page": 6, "submitted_for_moderation": false, "created_at": "2022-04-20T22:49:45.792Z", "user": 1, "content_json": "{\"pk\": 6, \"path\": \"0001000100020001\", \"depth\": 4, \"numchild\": 0, \"translation_key\": \"83c83ebe-cd6e-4c52-9d11-c5cedd8cc24e\", \"locale\": 1, \"title\": \"Distance education in Nurse Education\", \"draft_title\": \"Distance education in Nurse Education\", \"slug\": \"distance-education-in-nurse-education\", \"content_type\": 45, \"live\": true, \"has_unpublished_changes\": false, \"url_path\": \"/home/samples/distance-education-in-nurse-education/\", \"owner\": 1, \"seo_title\": \"\", \"show_in_menus\": false, \"search_description\": \"\", \"go_live_at\": null, \"expire_at\": null, \"expired\": false, \"locked\": false, \"locked_at\": null, \"locked_by\": null, \"first_published_at\": null, \"last_published_at\": null, \"latest_revision_created_at\": null, \"live_revision\": null, \"alias_of\": null, \"question_image\": 5, \"sample_question\": \"[{\\\"type\\\": \\\"sample_question\\\", \\\"value\\\": \\\"<p data-block-key=\\\\\\\"q6a1m\\\\\\\">Conduct a search on current literature (published within the last 5 years) for a minimum of 3 scholarly research articles about distance education programs, web-based education, or the application of informatics and technology on nursing education.\\\\u00a0 Conduct an analysis and discussion on the articles and describe the outcomes for a particular distance learning modalities.\\\\u00a0 Discuss one of the following:</p><ol><li data-block-key=\\\\\\\"37jc2\\\\\\\">What extent do you believe that technology-supported distance education programs changed nursing education for the 21st century?</li><li data-block-key=\\\\\\\"e9anv\\\\\\\">discuss the pros and cons for the delivery of clinical courses through distance education strategies.</li><li data-block-key=\\\\\\\"96lvo\\\\\\\">select a course that you teach and adapt it to either on-line, video-conferencing, hybrid, or web-based technology.\\\\u00a0 Explain your rational for your selection as it applies to the course.</li></ol>\\\", \\\"id\\\": \\\"6bb00e57-5c96-4a4b-90dc-2f71622a1140\\\"}]\", \"sample_answer\": \"[{\\\"type\\\": \\\"sample_answer\\\", \\\"value\\\": \\\"<p data-block-key=\\\\\\\"pnxbq\\\\\\\">My discussion point for the project evaluation project is analysis of the pros and cons of delivery of clinical courses through the distance education strategies.\\\\u00a0 I have selected this discussion point for various reasons. First, there has been an increase in the enrollment of nursing students in distance education programs, and hence it is important\\\\u00a0\\\\u00a0 to understand the main attractions of taking distance education modules over the traditional brick and mortal classes. Secondly, I would like to learn about the impacts of undertaking distance education clinical courses on the competence of the learners in delivering quality healthcare services to patients in diverse clinical settings.</p><p data-block-key=\\\\\\\"d5oma\\\\\\\">In nursing practice, delivery of quality healthcare services, using evidence based practices has been identified as one of the major goals of the healthcare system in addressing the various healthcare challenges in the 21st century. Thirdly, delivery of clinical course through distance learning has raised concerns about its ability to empower learners with significant clinical experience, which is mostly associated with the conventional classwork training.</p><p data-block-key=\\\\\\\"dtv68\\\\\\\">Healthcare policy makers and professionals have recommended nurses to advance their education as a strategy of enhancing their skills and knowledge to enable the healthcare professional address the changing healthcare needs in the population (Rouleau, Gagnon, C\\\\u00f4t\\\\u00e9, Hudson, Julien &amp; Dubois, 2017). For nurse education program to empower the nurses with requisite skills, it is important to enhance its rigor and ensure integration of clinical and practical experiences in the entire learning process (Lowery &amp; Spector, 2014). Distance education programs in nursing have created opportunities for nurses to advance their education engage in lifelong learning and enhance their professional development. Essentially delivery of clinical distance learning programs is done online, through various, information technology applications and internet enables devices, such as smartphones, personal computers and tablets among others.\\\\u00a0 In this case, the instructor and the learner are geographically separated and depend on electronic devices in delivery of instructions and course content (Vioral, 2013).</p><p data-block-key=\\\\\\\"6odnu\\\\\\\">Distance learning in nurse education has been identified as one of the strategies of addressing the issue of nurse shortage in the healthcare system by encouraging increased enrolment of nursing students. About 600,000 new nursing students are enrolling in at least one distance learning course (Lowery &amp; Spector, 2014). By 2013, the total number of nursing students enrolled in various distance learning programs was 6.7 million in the United States (Mitchell &amp; Delgado, 2014). Various innovative technologies are applied in delivery of nursing curriculum online, such as blackboard platforms, social media, video conferencing, webinars, virtual clinic learning environments (VCCLE\\\\u2019s), telehealth, and numerous open online courses.</p><p data-block-key=\\\\\\\"fdpre\\\\\\\">Delivery of clinical courses through distance learning education approaches is associated with various benefits. First, it provides limitless opportunities for nurses to advance their education and promote their professional development (Mee, 2014). This is due to the fact that it is convenient and affordable, which enables learners to participate in learning activities at any place of their convenience, including residences and workplaces.\\\\u00a0 Advancement of education and participation in lifelong learning empowers nurses with up to date medical technology, knowledge and skills, including application of evidence based practice in various settings.\\\\u00a0 \\\\u00a0\\\\u00a0</p><p data-block-key=\\\\\\\"ej4gc\\\\\\\">Secondly, delivery of clinical courses through distance learning encourages healthcare systems to apply and embrace the various emerging technologies especially information technology in delivery of healthcare services in diverse settings (Mitchell &amp; Delgado, 2014). This is due to the fact that learners undertaking the distance learning programs are required to be proficient in various computer applications applied in the contemporary learning and healthcare setting. As a result, the learners become familiar with the various technological applications that could be used in contemporary healthcare setting. This enables them to become receptive to various applications applied in enhancing delivery of healthcare services, such as electronic health records, telehealth and social media among others.</p><p data-block-key=\\\\\\\"f6jg7\\\\\\\">The third benefit of distance learning in healthcare is that it has enabled nursing programs to extend their reach. This has resulted to improved accessibility of nursing education to various groups of people in diverse settings including remote areas, who might otherwise lack the opportunities\\\\u00a0\\\\u00a0 to join the nursing career.\\\\u00a0 As a result, distance learning has increased diversity of healthcare professionals in the healthcare system. This has enhanced the ability of the healthcare system to deliver patient centered and culturally sensitive care to various groups of people, including minorities groups, including women, minority racial groups, lesbians, gays, transsexuals among others. Another benefit of distance learning is that it is flexible to learners, cost-effective and provides access to a wide range of learning resources (Baleni, 2015).</p><p data-block-key=\\\\\\\"378l6\\\\\\\">However, various shortcomings are associated with distance learning in healthcare context. First, the module is associated with concerns about its ability to provide learners with meaningful clinical experience remotely, such as acquiring psychomotor and critical thinking skills (Dacanay, Vaughn, Orr, Andre &amp; Mort, 2015). This is due to the fact distance learning is undertaken in an isolated setting, making it difficult for learners to deduce visual and nonverbal cues. Distance learning of healthcare courses is associated with limited practicum experience. Practicum experience empowers learners with various skills appropriate for medical practice, such as ability to become organized and prioritize in addition\\\\u00a0\\\\u00a0 to hand on experiences. Practicum experiences are normally acquired in settings that allow interactive and collegial interactions between learners and instructors. This enables the learner to acquire anticipatory guidance, which is necessary for both independent and collaborative medical practice(Lowery &amp; Spector, 2014).</p><p data-block-key=\\\\\\\"5jq53\\\\\\\">Another shortcoming associated with distance learning in medical practice is that the programs are designed for a wider population of students compared to the conventional classroom learning setting (Baleni, 2015). This implies that it does not address individual needs of learners such as culture, including proficiency in the language of instruction. Additionally, the increased number of learners in distant learning programs increases the possibilities of errors, especially during assessment and monitoring of learners. Moreover, implementation of distance based clinical program requires costly investments inform appropriate infrastructure, including technological installations and human resources.\\\\u00a0 To address the challenges associated with delivery of clinical courses in distance learning, it is important to for the institutions to be well prepared in terms of acquiring appropriate resources, support from stakeholders and leadership to ensure its success in instilling learners with required skills and competence.</p><p data-block-key=\\\\\\\"7oehi\\\\\\\">Conclusion</p><p data-block-key=\\\\\\\"bi1gv\\\\\\\">Delivery of clinical courses through various distance learning strategies is growing rapidly in popularity across the United States. Some of the benefits associated with the approach include convenience, wider accessibility and cost effectiveness. Distance learning has increased opportunities for healthcare professionals to advance their education conveniently and affordably.\\\\u00a0 However, it is associated with inadequate clinical experience and lack of adequate instructor-learner interaction. Moreover, implementing clinical distance programs is costly.\\\\u00a0 To address the concerns associated with distance learning programs, it is important to secure support from relevant stakeholders\\\\u00a0\\\\u00a0 and aim at continuous improvement of delivery methods and content of the programs.</p><h4 data-block-key=\\\\\\\"1do7r\\\\\\\"><b>References</b></h4><p data-block-key=\\\\\\\"dc4mu\\\\\\\">Baleni, Z. G. (2015). Online formative assessment in higher education: Its pros and cons. Electronic Journal of E-Learning, 13(4), 228-236.</p><p data-block-key=\\\\\\\"730c1\\\\\\\">Dacanay, A. P., Vaughn, S., Orr, M., Andre, J., &amp; Mort, K. (2015). Factors contributing to\\\\u00a0 nursing distance education student success. Journal of Nursing Education and Practice, 5(2), 34-34. doi:10.5430/jnep.v5n2p34</p><p data-block-key=\\\\\\\"fsrq4\\\\\\\">Lowery, B., &amp; Spector, N.(2014). Regulatory implications and recommendations for distance education in prelicensure nursing programs. Journal of Nursing Regulation, 5(3):25-33.</p><p data-block-key=\\\\\\\"bc2t0\\\\\\\">Mee, S.(2014). Is distance education the answer to the nursing shortage? Open Journal of \\\\u00a0Nursing, 4: 158-162.</p><p data-block-key=\\\\\\\"eguh7\\\\\\\">Mitchell, M., &amp; Delgado, C. (2014). Online Learning: Advantages and Challenges in Implementing an Effective Practicum Experience. Open Journal of Nursing, 4: 379-384. http://dx.doi.org/10.4236/ojn.2014.46044.</p><p data-block-key=\\\\\\\"ap4mp\\\\\\\">Rouleau, R., Gagnon, M., C\\\\u00f4t\\\\u00e9, J Hudson, E.,\\\\u00a0 Julien , B., &amp; Dubois, C.(2017). Effects of e-learning in a continuing education context on nursing care: a review of systematic qualitative, quantitative and mixed studies reviews9protocol). BMJ Open, 7:e018441. doi: 10.1136/bmjopen-2017-018441.</p><p data-block-key=\\\\\\\"9rqgj\\\\\\\">Vioral, A.(2013). Exploring pedagogical competence in a distance education nursing program: A case study. Journal of Nursing Education and Practice, 3(9):36-47.</p>\\\", \\\"id\\\": \\\"8b876d12-68db-4e79-b2ef-52fe9d80a749\\\"}]\", \"wagtail_admin_comments\": [], \"article_author\": [{\"pk\": 1, \"sort_order\": 0, \"page\": 6, \"author\": 2}], \"article_category\": [], \"article_tags\": [{\"pk\": 1, \"tag\": 1, \"content_object\": 6}, {\"pk\": 2, \"tag\": 2, \"content_object\": 6}, {\"pk\": 3, \"tag\": 4, \"content_object\": 6}, {\"pk\": 4, \"tag\": 5, \"content_object\": 6}, {\"pk\": 5, \"tag\": 6, \"content_object\": 6}]}", "approved_go_live_at": null}}, {"model": "wagtailcore.pagerevision", "pk": 27, "fields": {"page": 6, "submitted_for_moderation": false, "created_at": "2022-04-20T23:53:07.887Z", "user": 1, "content_json": "{\"pk\": 6, \"path\": \"0001000100020001\", \"depth\": 4, \"numchild\": 0, \"translation_key\": \"83c83ebe-cd6e-4c52-9d11-c5cedd8cc24e\", \"locale\": 1, \"title\": \"Distance education in Nurse Education\", \"draft_title\": \"Distance education in Nurse Education\", \"slug\": \"distance-education-in-nurse-education\", \"content_type\": 45, \"live\": true, \"has_unpublished_changes\": false, \"url_path\": \"/home/samples/distance-education-in-nurse-education/\", \"owner\": 1, \"seo_title\": \"\", \"show_in_menus\": false, \"search_description\": \"\", \"go_live_at\": null, \"expire_at\": null, \"expired\": false, \"locked\": false, \"locked_at\": null, \"locked_by\": null, \"first_published_at\": \"2022-04-20T22:49:46.789Z\", \"last_published_at\": \"2022-04-20T22:49:46.789Z\", \"latest_revision_created_at\": \"2022-04-20T22:49:45.792Z\", \"live_revision\": 26, \"alias_of\": null, \"search_image\": null, \"question_image\": 5, \"sample_question\": \"[{\\\"type\\\": \\\"sample_question\\\", \\\"value\\\": \\\"<p data-block-key=\\\\\\\"q6a1m\\\\\\\">Conduct a search on current literature (published within the last 5 years) for a minimum of 3 scholarly research articles about distance education programs, web-based education, or the application of informatics and technology on nursing education.\\\\u00a0 Conduct an analysis and discussion on the articles and describe the outcomes for a particular distance learning modalities.\\\\u00a0 Discuss one of the following:</p><ol><li data-block-key=\\\\\\\"37jc2\\\\\\\">What extent do you believe that technology-supported distance education programs changed nursing education for the 21st century?</li><li data-block-key=\\\\\\\"e9anv\\\\\\\">discuss the pros and cons for the delivery of clinical courses through distance education strategies.</li><li data-block-key=\\\\\\\"96lvo\\\\\\\">select a course that you teach and adapt it to either on-line, video-conferencing, hybrid, or web-based technology.\\\\u00a0 Explain your rational for your selection as it applies to the course.</li></ol>\\\", \\\"id\\\": \\\"6bb00e57-5c96-4a4b-90dc-2f71622a1140\\\"}]\", \"sample_answer\": \"[{\\\"type\\\": \\\"sample_answer\\\", \\\"value\\\": \\\"<p data-block-key=\\\\\\\"pnxbq\\\\\\\">My discussion point for the project evaluation project is analysis of the pros and cons of delivery of clinical courses through the distance education strategies.\\\\u00a0 I have selected this discussion point for various reasons. First, there has been an increase in the enrollment of nursing students in distance education programs, and hence it is important\\\\u00a0\\\\u00a0 to understand the main attractions of taking distance education modules over the traditional brick and mortal classes. Secondly, I would like to learn about the impacts of undertaking distance education clinical courses on the competence of the learners in delivering quality healthcare services to patients in diverse clinical settings.</p><p data-block-key=\\\\\\\"d5oma\\\\\\\">In nursing practice, delivery of quality healthcare services, using evidence based practices has been identified as one of the major goals of the healthcare system in addressing the various healthcare challenges in the 21st century. Thirdly, delivery of clinical course through distance learning has raised concerns about its ability to empower learners with significant clinical experience, which is mostly associated with the conventional classwork training.</p><p data-block-key=\\\\\\\"dtv68\\\\\\\">Healthcare policy makers and professionals have recommended nurses to advance their education as a strategy of enhancing their skills and knowledge to enable the healthcare professional address the changing healthcare needs in the population (Rouleau, Gagnon, C\\\\u00f4t\\\\u00e9, Hudson, Julien &amp; Dubois, 2017). For nurse education program to empower the nurses with requisite skills, it is important to enhance its rigor and ensure integration of clinical and practical experiences in the entire learning process (Lowery &amp; Spector, 2014). Distance education programs in nursing have created opportunities for nurses to advance their education engage in lifelong learning and enhance their professional development. Essentially delivery of clinical distance learning programs is done online, through various, information technology applications and internet enables devices, such as smartphones, personal computers and tablets among others.\\\\u00a0 In this case, the instructor and the learner are geographically separated and depend on electronic devices in delivery of instructions and course content (Vioral, 2013).</p><p data-block-key=\\\\\\\"6odnu\\\\\\\">Distance learning in nurse education has been identified as one of the strategies of addressing the issue of nurse shortage in the healthcare system by encouraging increased enrolment of nursing students. About 600,000 new nursing students are enrolling in at least one distance learning course (Lowery &amp; Spector, 2014). By 2013, the total number of nursing students enrolled in various distance learning programs was 6.7 million in the United States (Mitchell &amp; Delgado, 2014). Various innovative technologies are applied in delivery of nursing curriculum online, such as blackboard platforms, social media, video conferencing, webinars, virtual clinic learning environments (VCCLE\\\\u2019s), telehealth, and numerous open online courses.</p><p data-block-key=\\\\\\\"fdpre\\\\\\\">Delivery of clinical courses through distance learning education approaches is associated with various benefits. First, it provides limitless opportunities for nurses to advance their education and promote their professional development (Mee, 2014). This is due to the fact that it is convenient and affordable, which enables learners to participate in learning activities at any place of their convenience, including residences and workplaces.\\\\u00a0 Advancement of education and participation in lifelong learning empowers nurses with up to date medical technology, knowledge and skills, including application of evidence based practice in various settings.\\\\u00a0 \\\\u00a0\\\\u00a0</p><p data-block-key=\\\\\\\"ej4gc\\\\\\\">Secondly, delivery of clinical courses through distance learning encourages healthcare systems to apply and embrace the various emerging technologies especially information technology in delivery of healthcare services in diverse settings (Mitchell &amp; Delgado, 2014). This is due to the fact that learners undertaking the distance learning programs are required to be proficient in various computer applications applied in the contemporary learning and healthcare setting. As a result, the learners become familiar with the various technological applications that could be used in contemporary healthcare setting. This enables them to become receptive to various applications applied in enhancing delivery of healthcare services, such as electronic health records, telehealth and social media among others.</p><p data-block-key=\\\\\\\"f6jg7\\\\\\\">The third benefit of distance learning in healthcare is that it has enabled nursing programs to extend their reach. This has resulted to improved accessibility of nursing education to various groups of people in diverse settings including remote areas, who might otherwise lack the opportunities\\\\u00a0\\\\u00a0 to join the nursing career.\\\\u00a0 As a result, distance learning has increased diversity of healthcare professionals in the healthcare system. This has enhanced the ability of the healthcare system to deliver patient centered and culturally sensitive care to various groups of people, including minorities groups, including women, minority racial groups, lesbians, gays, transsexuals among others. Another benefit of distance learning is that it is flexible to learners, cost-effective and provides access to a wide range of learning resources (Baleni, 2015).</p><p data-block-key=\\\\\\\"378l6\\\\\\\">However, various shortcomings are associated with distance learning in healthcare context. First, the module is associated with concerns about its ability to provide learners with meaningful clinical experience remotely, such as acquiring psychomotor and critical thinking skills (Dacanay, Vaughn, Orr, Andre &amp; Mort, 2015). This is due to the fact distance learning is undertaken in an isolated setting, making it difficult for learners to deduce visual and nonverbal cues. Distance learning of healthcare courses is associated with limited practicum experience. Practicum experience empowers learners with various skills appropriate for medical practice, such as ability to become organized and prioritize in addition\\\\u00a0\\\\u00a0 to hand on experiences. Practicum experiences are normally acquired in settings that allow interactive and collegial interactions between learners and instructors. This enables the learner to acquire anticipatory guidance, which is necessary for both independent and collaborative medical practice(Lowery &amp; Spector, 2014).</p><p data-block-key=\\\\\\\"5jq53\\\\\\\">Another shortcoming associated with distance learning in medical practice is that the programs are designed for a wider population of students compared to the conventional classroom learning setting (Baleni, 2015). This implies that it does not address individual needs of learners such as culture, including proficiency in the language of instruction. Additionally, the increased number of learners in distant learning programs increases the possibilities of errors, especially during assessment and monitoring of learners. Moreover, implementation of distance based clinical program requires costly investments inform appropriate infrastructure, including technological installations and human resources.\\\\u00a0 To address the challenges associated with delivery of clinical courses in distance learning, it is important to for the institutions to be well prepared in terms of acquiring appropriate resources, support from stakeholders and leadership to ensure its success in instilling learners with required skills and competence.</p><p data-block-key=\\\\\\\"7oehi\\\\\\\">Conclusion</p><p data-block-key=\\\\\\\"bi1gv\\\\\\\">Delivery of clinical courses through various distance learning strategies is growing rapidly in popularity across the United States. Some of the benefits associated with the approach include convenience, wider accessibility and cost effectiveness. Distance learning has increased opportunities for healthcare professionals to advance their education conveniently and affordably.\\\\u00a0 However, it is associated with inadequate clinical experience and lack of adequate instructor-learner interaction. Moreover, implementing clinical distance programs is costly.\\\\u00a0 To address the concerns associated with distance learning programs, it is important to secure support from relevant stakeholders\\\\u00a0\\\\u00a0 and aim at continuous improvement of delivery methods and content of the programs.</p><h4 data-block-key=\\\\\\\"1do7r\\\\\\\"><b>References</b></h4><p data-block-key=\\\\\\\"dc4mu\\\\\\\">Baleni, Z. G. (2015). Online formative assessment in higher education: Its pros and cons. Electronic Journal of E-Learning, 13(4), 228-236.</p><p data-block-key=\\\\\\\"730c1\\\\\\\">Dacanay, A. P., Vaughn, S., Orr, M., Andre, J., &amp; Mort, K. (2015). Factors contributing to\\\\u00a0 nursing distance education student success. Journal of Nursing Education and Practice, 5(2), 34-34. doi:10.5430/jnep.v5n2p34</p><p data-block-key=\\\\\\\"fsrq4\\\\\\\">Lowery, B., &amp; Spector, N.(2014). Regulatory implications and recommendations for distance education in prelicensure nursing programs. Journal of Nursing Regulation, 5(3):25-33.</p><p data-block-key=\\\\\\\"bc2t0\\\\\\\">Mee, S.(2014). Is distance education the answer to the nursing shortage? Open Journal of \\\\u00a0Nursing, 4: 158-162.</p><p data-block-key=\\\\\\\"eguh7\\\\\\\">Mitchell, M., &amp; Delgado, C. (2014). Online Learning: Advantages and Challenges in Implementing an Effective Practicum Experience. Open Journal of Nursing, 4: 379-384. http://dx.doi.org/10.4236/ojn.2014.46044.</p><p data-block-key=\\\\\\\"ap4mp\\\\\\\">Rouleau, R., Gagnon, M., C\\\\u00f4t\\\\u00e9, J Hudson, E.,\\\\u00a0 Julien , B., &amp; Dubois, C.(2017). Effects of e-learning in a continuing education context on nursing care: a review of systematic qualitative, quantitative and mixed studies reviews9protocol). BMJ Open, 7:e018441. doi: 10.1136/bmjopen-2017-018441.</p><p data-block-key=\\\\\\\"9rqgj\\\\\\\">Vioral, A.(2013). Exploring pedagogical competence in a distance education nursing program: A case study. Journal of Nursing Education and Practice, 3(9):36-47.</p>\\\", \\\"id\\\": \\\"8b876d12-68db-4e79-b2ef-52fe9d80a749\\\"}]\", \"wagtail_admin_comments\": [], \"article_author\": [{\"pk\": 1, \"sort_order\": 0, \"page\": 6, \"author\": 2}], \"article_category\": [{\"pk\": null, \"sort_order\": 0, \"page\": 6, \"category\": 1}], \"article_tags\": [{\"pk\": null, \"tag\": 1, \"content_object\": 6}, {\"pk\": null, \"tag\": 2, \"content_object\": 6}, {\"pk\": null, \"tag\": 5, \"content_object\": 6}, {\"pk\": null, \"tag\": 6, \"content_object\": 6}]}", "approved_go_live_at": null}}, {"model": "wagtailcore.pagerevision", "pk": 28, "fields": {"page": 7, "submitted_for_moderation": false, "created_at": "2022-04-21T16:08:00.148Z", "user": 1, "content_json": "{\"pk\": 7, \"path\": \"000100010003\", \"depth\": 3, \"numchild\": 0, \"translation_key\": \"92135c88-aaca-45d5-bf23-e601982d34f9\", \"locale\": 1, \"title\": \"Privacy Policy\", \"draft_title\": \"Privacy Policy\", \"slug\": \"privacy-policy\", \"content_type\": 56, \"live\": true, \"has_unpublished_changes\": false, \"url_path\": \"/home/privacy-policy/\", \"owner\": 1, \"seo_title\": \"\", \"show_in_menus\": false, \"search_description\": \"\", \"go_live_at\": null, \"expire_at\": null, \"expired\": false, \"locked\": false, \"locked_at\": null, \"locked_by\": null, \"first_published_at\": null, \"last_published_at\": null, \"latest_revision_created_at\": null, \"live_revision\": null, \"alias_of\": null, \"search_image\": null, \"policy_body\": \"[{\\\"type\\\": \\\"policy_body\\\", \\\"value\\\": \\\"<p data-block-key=\\\\\\\"cufi6\\\\\\\">At <i>The Nursing Ace, ( \\\\u201cTNA\\\\u201d, \\\\u201cWe\\\\u201d, \\\\u201cUs\\\\u201d, or \\\\u201cOur\\\\u201d)</i> we hold your privacy in the highest esteem and protect it judiciously.\\\\u00a0 In this privacy policy we cover policies on collecting, usage and disclosure of your private information that is collected through our website and service, thenursingace.com. The policy also outlines the options available to you on accessing and updating the information</p><ul><li data-block-key=\\\\\\\"3togk\\\\\\\">All our website users are required to agree to this privacy policy and terms and conditions of use to use the site by indicating their consent when registering on the site.</li><li data-block-key=\\\\\\\"1qk2j\\\\\\\">The use of information gathered through our services shall be restricted to the purpose of offering the service(s) that our customers have engaged us in.\\\\u00a0 Our website address is: <a href=\\\\\\\"https://thenursingace.com/\\\\\\\">https://thenursingace.com</a>.</li><li data-block-key=\\\\\\\"tsjq\\\\\\\">We collect your information when you visit our website, register on our site, place an order, subscribe to our newsletter, respond to a survey or fill our contact forms.</li><li data-block-key=\\\\\\\"4kuj4\\\\\\\">The personal information we collect from our website\\\\u2019s visitors including emails and identity remains confidential.\\\\u00a0 We comply with laws and regulations governing confidentiality\\\\u00a0\\\\u00a0 in USA and European Union. At no circumstances will we disclose or pass the information to third parties, unless the law obliges us to do so.</li><li data-block-key=\\\\\\\"datpn\\\\\\\">Once you submit your email address on the website, you consent to receiving email from us. We only send emails to individuals who have permitted us to get in touch with them through the website.</li><li data-block-key=\\\\\\\"1tvnt\\\\\\\">We collect your email for the purpose of engaging you with our services as per your request.\\\\u00a0 In case you do not want to receive our emails, you can opt out any time by unsubscribing or writing through the website email, admin@thenursingace.com.</li></ul><p data-block-key=\\\\\\\"dk9h2\\\\\\\"><b>Analytics</b></p><ul><li data-block-key=\\\\\\\"6c38b\\\\\\\">The Nursing Ace uses Google analytics and monster insights for analyzing the audience visiting the site and in enhancing our content.\\\\u00a0 Use of cookies does not in any way store personal identifiable information.</li><li data-block-key=\\\\\\\"1msln\\\\\\\">The analytical tools could collect personal identifiable information such as IP address or user names, depending on how the visitor uses the site, such as making comments on the blog posts or participating in forums. The information collected therein is protected by the vendors of these analytic tools as outlined in their respective privacy policies. \\\\u00a0Personal information is not disclosed at any circumstance, unless it is required by law.</li></ul><p data-block-key=\\\\\\\"1rq6e\\\\\\\"><b>Customer orders</b></p><ul><li data-block-key=\\\\\\\"1h1mu\\\\\\\">We accept payments for ordered services through PayPal.\\\\u00a0 When making payments, some of your personal identifiable information will be collected by PayPal. Please read PayPal Privacy policy for additional details.</li></ul><p data-block-key=\\\\\\\"4fji\\\\\\\"><b>Social media features</b></p><ul><li data-block-key=\\\\\\\"1g6vg\\\\\\\">The nursing ace has several social media features, including Facebook share buttons.\\\\u00a0 The features could collect your IP address and pages you visit on the website. \\\\u00a0The social media features are hosted by third parties and regulated by private policies of the entities providing them.</li></ul><p data-block-key=\\\\\\\"ebjs7\\\\\\\"><b>Notification of privacy policy changes</b></p><ul><li data-block-key=\\\\\\\"ev6na\\\\\\\">We may constantly update our privacy policy from time to time to serve our clients better and enhance user experience. \\\\u00a0We shall notify you about the changes and updates on our privacy policies through notifications on the website before the changes are effected. \\\\u00a0We recommend you to review this page periodically to keep in touch with the changes.</li></ul><p data-block-key=\\\\\\\"7hddc\\\\\\\"><b>Contact Us</b></p><p data-block-key=\\\\\\\"75acd\\\\\\\">If you have any questions about our privacy policy, please get in touch with the administrator at admin@thenursingace.com.</p>\\\", \\\"id\\\": \\\"1b397d9d-f69b-4d2c-b74a-1b7ee01b2d91\\\"}]\", \"wagtail_admin_comments\": []}", "approved_go_live_at": null}}, {"model": "wagtailcore.pagerevision", "pk": 29, "fields": {"page": 7, "submitted_for_moderation": false, "created_at": "2022-04-21T16:17:45.451Z", "user": 1, "content_json": "{\"pk\": 7, \"path\": \"000100010003\", \"depth\": 3, \"numchild\": 0, \"translation_key\": \"92135c88-aaca-45d5-bf23-e601982d34f9\", \"locale\": 1, \"title\": \"Privacy Policy\", \"draft_title\": \"Privacy Policy\", \"slug\": \"privacy-policy\", \"content_type\": 56, \"live\": true, \"has_unpublished_changes\": false, \"url_path\": \"/home/privacy-policy/\", \"owner\": 1, \"seo_title\": \"\", \"show_in_menus\": false, \"search_description\": \"\", \"go_live_at\": null, \"expire_at\": null, \"expired\": false, \"locked\": false, \"locked_at\": null, \"locked_by\": null, \"first_published_at\": \"2022-04-21T16:08:00.692Z\", \"last_published_at\": \"2022-04-21T16:08:00.692Z\", \"latest_revision_created_at\": \"2022-04-21T16:08:00.148Z\", \"live_revision\": 28, \"alias_of\": null, \"search_image\": null, \"policy_body\": \"[{\\\"type\\\": \\\"policy_body\\\", \\\"value\\\": \\\"<p data-block-key=\\\\\\\"cufi6\\\\\\\">At <i>The Nursing Ace, ( \\\\u201cTNA\\\\u201d, \\\\u201cWe\\\\u201d, \\\\u201cUs\\\\u201d, or \\\\u201cOur\\\\u201d)</i> we hold your privacy in the highest esteem and protect it judiciously.\\\\u00a0 In this privacy policy we cover policies on collecting, usage and disclosure of your private information that is collected through our website and service, thenursingace.com. The policy also outlines the options available to you on accessing and updating the information</p><ul><li data-block-key=\\\\\\\"3togk\\\\\\\">All our website users are required to agree to this privacy policy and terms and conditions of use to use the site by indicating their consent when registering on the site.</li><li data-block-key=\\\\\\\"1qk2j\\\\\\\">The use of information gathered through our services shall be restricted to the purpose of offering the service(s) that our customers have engaged us in.\\\\u00a0 Our website address is: <a href=\\\\\\\"https://thenursingace.com/\\\\\\\">https://thenursingace.com</a>.</li><li data-block-key=\\\\\\\"tsjq\\\\\\\">We collect your information when you visit our website, register on our site, place an order, subscribe to our newsletter, respond to a survey or fill our contact forms.</li><li data-block-key=\\\\\\\"4kuj4\\\\\\\">The personal information we collect from our website\\\\u2019s visitors including emails and identity remains confidential.\\\\u00a0 We comply with laws and regulations governing confidentiality\\\\u00a0\\\\u00a0 in USA and European Union. At no circumstances will we disclose or pass the information to third parties, unless the law obliges us to do so.</li><li data-block-key=\\\\\\\"datpn\\\\\\\">Once you submit your email address on the website, you consent to receiving email from us. We only send emails to individuals who have permitted us to get in touch with them through the website.</li><li data-block-key=\\\\\\\"1tvnt\\\\\\\">We collect your email for the purpose of engaging you with our services as per your request.\\\\u00a0 In case you do not want to receive our emails, you can opt out any time by unsubscribing or writing through the website email, admin@thenursingace.com.</li></ul><p data-block-key=\\\\\\\"dk9h2\\\\\\\"><b>Analytics</b></p><ul><li data-block-key=\\\\\\\"6c38b\\\\\\\">The Nursing Ace uses Google analytics and monster insights for analyzing the audience visiting the site and in enhancing our content.\\\\u00a0 Use of cookies does not in any way store personal identifiable information.</li><li data-block-key=\\\\\\\"1msln\\\\\\\">The analytical tools could collect personal identifiable information such as IP address or user names, depending on how the visitor uses the site, such as making comments on the blog posts or participating in forums. The information collected therein is protected by the vendors of these analytic tools as outlined in their respective privacy policies. \\\\u00a0Personal information is not disclosed at any circumstance, unless it is required by law.</li></ul><p data-block-key=\\\\\\\"1rq6e\\\\\\\"><b>Customer orders</b></p><ul><li data-block-key=\\\\\\\"1h1mu\\\\\\\">We accept payments for ordered services through PayPal.\\\\u00a0 When making payments, some of your personal identifiable information will be collected by PayPal. Please read PayPal Privacy policy for additional details.</li></ul><p data-block-key=\\\\\\\"4fji\\\\\\\"><b>Social media features</b></p><ul><li data-block-key=\\\\\\\"1g6vg\\\\\\\">The nursing ace has several social media features, including Facebook share buttons.\\\\u00a0 The features could collect your IP address and pages you visit on the website. \\\\u00a0The social media features are hosted by third parties and regulated by private policies of the entities providing them.</li></ul><p data-block-key=\\\\\\\"ebjs7\\\\\\\"><b>Notification of privacy policy changes</b></p><ul><li data-block-key=\\\\\\\"ev6na\\\\\\\">We may constantly update our privacy policy from time to time to serve our clients better and enhance user experience. \\\\u00a0We shall notify you about the changes and updates on our privacy policies through notifications on the website before the changes are effected. \\\\u00a0We recommend you to review this page periodically to keep in touch with the changes.</li></ul><p data-block-key=\\\\\\\"7hddc\\\\\\\"><b>Contact Us</b></p><p data-block-key=\\\\\\\"75acd\\\\\\\">If you have any questions about our privacy policy, please get in touch with the administrator at <a href=\\\\\\\"mailto:admin@thenursingace.com\\\\\\\">admin@thenursingace.com</a>.</p>\\\", \\\"id\\\": \\\"1b397d9d-f69b-4d2c-b74a-1b7ee01b2d91\\\"}]\", \"wagtail_admin_comments\": []}", "approved_go_live_at": null}}, {"model": "wagtailcore.grouppagepermission", "pk": 1, "fields": {"group": 1, "page": 1, "permission_type": "add"}}, {"model": "wagtailcore.grouppagepermission", "pk": 2, "fields": {"group": 1, "page": 1, "permission_type": "edit"}}, {"model": "wagtailcore.grouppagepermission", "pk": 3, "fields": {"group": 1, "page": 1, "permission_type": "publish"}}, {"model": "wagtailcore.grouppagepermission", "pk": 4, "fields": {"group": 2, "page": 1, "permission_type": "add"}}, {"model": "wagtailcore.grouppagepermission", "pk": 5, "fields": {"group": 2, "page": 1, "permission_type": "edit"}}, {"model": "wagtailcore.grouppagepermission", "pk": 6, "fields": {"group": 1, "page": 1, "permission_type": "lock"}}, {"model": "wagtailcore.grouppagepermission", "pk": 7, "fields": {"group": 1, "page": 1, "permission_type": "unlock"}}, {"model": "wagtailcore.workflowpage", "pk": 1, "fields": {"workflow": 1}}, {"model": "wagtailcore.workflowtask", "pk": 1, "fields": {"sort_order": 0, "workflow": 1, "task": 1}}, {"model": "wagtailcore.task", "pk": 1, "fields": {"name": "Moderators approval", "content_type": 4, "active": true}}, {"model": "wagtailcore.workflow", "pk": 1, "fields": {"name": "Moderators approval", "active": true}}, {"model": "wagtailcore.groupapprovaltask", "pk": 1, "fields": {"groups": [1]}}, {"model": "wagtailcore.pagelogentry", "pk": 1, "fields": {"content_type": 2, "label": "Home", "action": "wagtail.edit", "data_json": "\"\"", "timestamp": "2022-04-16T23:06:54.190Z", "uuid": "1cef3999-64b6-4a30-903c-071e6c6f4851", "user": 1, "content_changed": true, "deleted": false, "page": 3, "revision": 1}}, {"model": "wagtailcore.pagelogentry", "pk": 2, "fields": {"content_type": 2, "label": "Home", "action": "wagtail.publish", "data_json": "null", "timestamp": "2022-04-16T23:06:54.412Z", "uuid": "1cef3999-64b6-4a30-903c-071e6c6f4851", "user": 1, "content_changed": true, "deleted": false, "page": 3, "revision": 1}}, {"model": "wagtailcore.pagelogentry", "pk": 3, "fields": {"content_type": 2, "label": "Home", "action": "wagtail.edit", "data_json": "\"\"", "timestamp": "2022-04-16T23:30:38.559Z", "uuid": "de819783-9afe-4567-81ab-9cc4cc703792", "user": 1, "content_changed": true, "deleted": false, "page": 3, "revision": 2}}, {"model": "wagtailcore.pagelogentry", "pk": 4, "fields": {"content_type": 2, "label": "Home", "action": "wagtail.publish", "data_json": "null", "timestamp": "2022-04-16T23:30:38.799Z", "uuid": "de819783-9afe-4567-81ab-9cc4cc703792", "user": 1, "content_changed": true, "deleted": false, "page": 3, "revision": 2}}, {"model": "wagtailcore.pagelogentry", "pk": 5, "fields": {"content_type": 2, "label": "Home", "action": "wagtail.edit", "data_json": "\"\"", "timestamp": "2022-04-17T00:32:45.429Z", "uuid": "4676787d-c370-4722-93a0-c5fb52b00228", "user": 1, "content_changed": true, "deleted": false, "page": 3, "revision": 3}}, {"model": "wagtailcore.pagelogentry", "pk": 6, "fields": {"content_type": 2, "label": "Home", "action": "wagtail.publish", "data_json": "null", "timestamp": "2022-04-17T00:32:46.682Z", "uuid": "4676787d-c370-4722-93a0-c5fb52b00228", "user": 1, "content_changed": true, "deleted": false, "page": 3, "revision": 3}}, {"model": "wagtailcore.pagelogentry", "pk": 7, "fields": {"content_type": 2, "label": "Home", "action": "wagtail.edit", "data_json": "\"\"", "timestamp": "2022-04-17T06:23:19.412Z", "uuid": "6a8554b6-fe13-49a2-b431-f19b9dcdb7ce", "user": 1, "content_changed": true, "deleted": false, "page": 3, "revision": 4}}, {"model": "wagtailcore.pagelogentry", "pk": 8, "fields": {"content_type": 2, "label": "Home", "action": "wagtail.publish", "data_json": "null", "timestamp": "2022-04-17T06:23:20.888Z", "uuid": "6a8554b6-fe13-49a2-b431-f19b9dcdb7ce", "user": 1, "content_changed": true, "deleted": false, "page": 3, "revision": 4}}, {"model": "wagtailcore.pagelogentry", "pk": 9, "fields": {"content_type": 2, "label": "Home", "action": "wagtail.edit", "data_json": "\"\"", "timestamp": "2022-04-17T19:48:46.378Z", "uuid": "a2fe18ac-9b19-4d3e-ad21-860dae0733c5", "user": 1, "content_changed": true, "deleted": false, "page": 3, "revision": 5}}, {"model": "wagtailcore.pagelogentry", "pk": 10, "fields": {"content_type": 2, "label": "Home", "action": "wagtail.publish", "data_json": "null", "timestamp": "2022-04-17T19:48:47.630Z", "uuid": "a2fe18ac-9b19-4d3e-ad21-860dae0733c5", "user": 1, "content_changed": true, "deleted": false, "page": 3, "revision": 5}}, {"model": "wagtailcore.pagelogentry", "pk": 11, "fields": {"content_type": 2, "label": "Home", "action": "wagtail.edit", "data_json": "\"\"", "timestamp": "2022-04-17T20:45:06.046Z", "uuid": "db172213-38ce-4753-b3f4-2eafc6a3d903", "user": 1, "content_changed": true, "deleted": false, "page": 3, "revision": 6}}, {"model": "wagtailcore.pagelogentry", "pk": 12, "fields": {"content_type": 2, "label": "Home", "action": "wagtail.publish", "data_json": "null", "timestamp": "2022-04-17T20:45:07.339Z", "uuid": "db172213-38ce-4753-b3f4-2eafc6a3d903", "user": 1, "content_changed": true, "deleted": false, "page": 3, "revision": 6}}, {"model": "wagtailcore.pagelogentry", "pk": 13, "fields": {"content_type": 2, "label": "Home", "action": "wagtail.edit", "data_json": "\"\"", "timestamp": "2022-04-18T05:23:13.721Z", "uuid": "31c24660-e9c4-410f-ad1e-df65dbae4b4a", "user": 1, "content_changed": true, "deleted": false, "page": 3, "revision": 7}}, {"model": "wagtailcore.pagelogentry", "pk": 14, "fields": {"content_type": 2, "label": "Home", "action": "wagtail.publish", "data_json": "null", "timestamp": "2022-04-18T05:23:15.433Z", "uuid": "31c24660-e9c4-410f-ad1e-df65dbae4b4a", "user": 1, "content_changed": true, "deleted": false, "page": 3, "revision": 7}}, {"model": "wagtailcore.pagelogentry", "pk": 15, "fields": {"content_type": 2, "label": "Home", "action": "wagtail.edit", "data_json": "\"\"", "timestamp": "2022-04-18T05:36:00.288Z", "uuid": "627f8861-f9ad-42c4-959c-26074d63d381", "user": 1, "content_changed": true, "deleted": false, "page": 3, "revision": 8}}, {"model": "wagtailcore.pagelogentry", "pk": 16, "fields": {"content_type": 2, "label": "Home", "action": "wagtail.publish", "data_json": "null", "timestamp": "2022-04-18T05:36:01.752Z", "uuid": "627f8861-f9ad-42c4-959c-26074d63d381", "user": 1, "content_changed": true, "deleted": false, "page": 3, "revision": 8}}, {"model": "wagtailcore.pagelogentry", "pk": 17, "fields": {"content_type": 2, "label": "Home", "action": "wagtail.edit", "data_json": "\"\"", "timestamp": "2022-04-18T05:50:53.368Z", "uuid": "54f106e6-2884-4bc8-aa13-bfeec4487ccf", "user": 1, "content_changed": true, "deleted": false, "page": 3, "revision": 9}}, {"model": "wagtailcore.pagelogentry", "pk": 18, "fields": {"content_type": 2, "label": "Home", "action": "wagtail.publish", "data_json": "null", "timestamp": "2022-04-18T05:50:54.638Z", "uuid": "54f106e6-2884-4bc8-aa13-bfeec4487ccf", "user": 1, "content_changed": true, "deleted": false, "page": 3, "revision": 9}}, {"model": "wagtailcore.pagelogentry", "pk": 19, "fields": {"content_type": 2, "label": "Home", "action": "wagtail.edit", "data_json": "\"\"", "timestamp": "2022-04-18T10:10:49.716Z", "uuid": "992d7777-8042-4ac8-8f28-2efa9a515d5f", "user": 1, "content_changed": true, "deleted": false, "page": 3, "revision": 10}}, {"model": "wagtailcore.pagelogentry", "pk": 20, "fields": {"content_type": 2, "label": "Home", "action": "wagtail.publish", "data_json": "null", "timestamp": "2022-04-18T10:10:51.402Z", "uuid": "992d7777-8042-4ac8-8f28-2efa9a515d5f", "user": 1, "content_changed": true, "deleted": false, "page": 3, "revision": 10}}, {"model": "wagtailcore.pagelogentry", "pk": 21, "fields": {"content_type": 2, "label": "Home", "action": "wagtail.edit", "data_json": "\"\"", "timestamp": "2022-04-18T10:36:31.495Z", "uuid": "9aae44c7-9928-44e8-bb7d-09d34b533305", "user": 1, "content_changed": true, "deleted": false, "page": 3, "revision": 11}}, {"model": "wagtailcore.pagelogentry", "pk": 22, "fields": {"content_type": 2, "label": "Home", "action": "wagtail.publish", "data_json": "null", "timestamp": "2022-04-18T10:36:33.811Z", "uuid": "9aae44c7-9928-44e8-bb7d-09d34b533305", "user": 1, "content_changed": true, "deleted": false, "page": 3, "revision": 11}}, {"model": "wagtailcore.pagelogentry", "pk": 23, "fields": {"content_type": 2, "label": "Home", "action": "wagtail.edit", "data_json": "\"\"", "timestamp": "2022-04-18T19:12:54.273Z", "uuid": "06d2ab6a-76a9-4a76-a1ac-de93dc7915f2", "user": 1, "content_changed": true, "deleted": false, "page": 3, "revision": 12}}, {"model": "wagtailcore.pagelogentry", "pk": 24, "fields": {"content_type": 2, "label": "Home", "action": "wagtail.publish", "data_json": "null", "timestamp": "2022-04-18T19:12:55.775Z", "uuid": "06d2ab6a-76a9-4a76-a1ac-de93dc7915f2", "user": 1, "content_changed": true, "deleted": false, "page": 3, "revision": 12}}, {"model": "wagtailcore.pagelogentry", "pk": 25, "fields": {"content_type": 2, "label": "Home", "action": "wagtail.edit", "data_json": "\"\"", "timestamp": "2022-04-18T20:29:25.555Z", "uuid": "b7c7fff3-49dc-48e0-af16-fbc203ac1169", "user": 1, "content_changed": true, "deleted": false, "page": 3, "revision": 13}}, {"model": "wagtailcore.pagelogentry", "pk": 26, "fields": {"content_type": 2, "label": "Home", "action": "wagtail.publish", "data_json": "null", "timestamp": "2022-04-18T20:29:26.684Z", "uuid": "b7c7fff3-49dc-48e0-af16-fbc203ac1169", "user": 1, "content_changed": true, "deleted": false, "page": 3, "revision": 13}}, {"model": "wagtailcore.pagelogentry", "pk": 27, "fields": {"content_type": 2, "label": "Home", "action": "wagtail.edit", "data_json": "\"\"", "timestamp": "2022-04-19T01:51:41.683Z", "uuid": "79dc7dea-a38c-46f3-80ff-7f82c7cb1b9f", "user": 1, "content_changed": true, "deleted": false, "page": 3, "revision": 14}}, {"model": "wagtailcore.pagelogentry", "pk": 28, "fields": {"content_type": 2, "label": "Home", "action": "wagtail.publish", "data_json": "null", "timestamp": "2022-04-19T01:51:43.509Z", "uuid": "79dc7dea-a38c-46f3-80ff-7f82c7cb1b9f", "user": 1, "content_changed": true, "deleted": false, "page": 3, "revision": 14}}, {"model": "wagtailcore.pagelogentry", "pk": 29, "fields": {"content_type": 2, "label": "Home", "action": "wagtail.edit", "data_json": "\"\"", "timestamp": "2022-04-19T01:53:50.991Z", "uuid": "ee27b155-0389-4d8a-9e19-4d526b53d676", "user": 1, "content_changed": true, "deleted": false, "page": 3, "revision": 15}}, {"model": "wagtailcore.pagelogentry", "pk": 30, "fields": {"content_type": 2, "label": "Home", "action": "wagtail.publish", "data_json": "null", "timestamp": "2022-04-19T01:53:51.978Z", "uuid": "ee27b155-0389-4d8a-9e19-4d526b53d676", "user": 1, "content_changed": true, "deleted": false, "page": 3, "revision": 15}}, {"model": "wagtailcore.pagelogentry", "pk": 31, "fields": {"content_type": 2, "label": "Home", "action": "wagtail.edit", "data_json": "\"\"", "timestamp": "2022-04-20T00:38:06.511Z", "uuid": "39f63d1c-8a6c-4c46-9533-4c210afac878", "user": 1, "content_changed": true, "deleted": false, "page": 3, "revision": 16}}, {"model": "wagtailcore.pagelogentry", "pk": 32, "fields": {"content_type": 2, "label": "Home", "action": "wagtail.publish", "data_json": "null", "timestamp": "2022-04-20T00:38:07.813Z", "uuid": "39f63d1c-8a6c-4c46-9533-4c210afac878", "user": 1, "content_changed": true, "deleted": false, "page": 3, "revision": 16}}, {"model": "wagtailcore.pagelogentry", "pk": 33, "fields": {"content_type": 2, "label": "Home", "action": "wagtail.edit", "data_json": "\"\"", "timestamp": "2022-04-20T00:52:12.890Z", "uuid": "71de3548-09d5-4c15-8f91-0d9d0f2381dd", "user": 1, "content_changed": true, "deleted": false, "page": 3, "revision": 17}}, {"model": "wagtailcore.pagelogentry", "pk": 34, "fields": {"content_type": 2, "label": "Home", "action": "wagtail.publish", "data_json": "null", "timestamp": "2022-04-20T00:52:14.212Z", "uuid": "71de3548-09d5-4c15-8f91-0d9d0f2381dd", "user": 1, "content_changed": true, "deleted": false, "page": 3, "revision": 17}}, {"model": "wagtailcore.pagelogentry", "pk": 35, "fields": {"content_type": 2, "label": "Home", "action": "wagtail.edit", "data_json": "\"\"", "timestamp": "2022-04-20T07:24:22.111Z", "uuid": "0145251b-bbbb-4880-827b-714cb9ef3693", "user": 1, "content_changed": true, "deleted": false, "page": 3, "revision": 18}}, {"model": "wagtailcore.pagelogentry", "pk": 36, "fields": {"content_type": 2, "label": "Home", "action": "wagtail.publish", "data_json": "null", "timestamp": "2022-04-20T07:24:23.725Z", "uuid": "0145251b-bbbb-4880-827b-714cb9ef3693", "user": 1, "content_changed": true, "deleted": false, "page": 3, "revision": 18}}, {"model": "wagtailcore.pagelogentry", "pk": 37, "fields": {"content_type": 2, "label": "Home", "action": "wagtail.edit", "data_json": "\"\"", "timestamp": "2022-04-20T07:32:37.646Z", "uuid": "741cf4ad-3270-40df-8f19-97cb9e87464c", "user": 1, "content_changed": true, "deleted": false, "page": 3, "revision": 19}}, {"model": "wagtailcore.pagelogentry", "pk": 38, "fields": {"content_type": 2, "label": "Home", "action": "wagtail.publish", "data_json": "null", "timestamp": "2022-04-20T07:32:38.449Z", "uuid": "741cf4ad-3270-40df-8f19-97cb9e87464c", "user": 1, "content_changed": true, "deleted": false, "page": 3, "revision": 19}}, {"model": "wagtailcore.pagelogentry", "pk": 39, "fields": {"content_type": 2, "label": "Home", "action": "wagtail.edit", "data_json": "\"\"", "timestamp": "2022-04-20T07:46:01.269Z", "uuid": "c0c7661c-39e0-40e8-bac7-a0cff3c44f47", "user": 1, "content_changed": true, "deleted": false, "page": 3, "revision": 20}}, {"model": "wagtailcore.pagelogentry", "pk": 40, "fields": {"content_type": 2, "label": "Home", "action": "wagtail.publish", "data_json": "null", "timestamp": "2022-04-20T07:46:02.897Z", "uuid": "c0c7661c-39e0-40e8-bac7-a0cff3c44f47", "user": 1, "content_changed": true, "deleted": false, "page": 3, "revision": 20}}, {"model": "wagtailcore.pagelogentry", "pk": 41, "fields": {"content_type": 2, "label": "Home", "action": "wagtail.edit", "data_json": "\"\"", "timestamp": "2022-04-20T09:00:40.065Z", "uuid": "81795996-41da-417a-afb7-4fe61de5fd42", "user": 1, "content_changed": true, "deleted": false, "page": 3, "revision": 21}}, {"model": "wagtailcore.pagelogentry", "pk": 42, "fields": {"content_type": 2, "label": "Home", "action": "wagtail.publish", "data_json": "null", "timestamp": "2022-04-20T09:00:41.446Z", "uuid": "81795996-41da-417a-afb7-4fe61de5fd42", "user": 1, "content_changed": true, "deleted": false, "page": 3, "revision": 21}}, {"model": "wagtailcore.pagelogentry", "pk": 43, "fields": {"content_type": 44, "label": "About Us", "action": "wagtail.create", "data_json": "\"\"", "timestamp": "2022-04-20T09:31:28.282Z", "uuid": "f771c37c-7912-42fe-8c9c-6acddd8244e3", "user": 1, "content_changed": true, "deleted": false, "page": 4, "revision": null}}, {"model": "wagtailcore.pagelogentry", "pk": 44, "fields": {"content_type": 44, "label": "About Us", "action": "wagtail.publish", "data_json": "null", "timestamp": "2022-04-20T09:31:29.727Z", "uuid": "f771c37c-7912-42fe-8c9c-6acddd8244e3", "user": 1, "content_changed": true, "deleted": false, "page": 4, "revision": 22}}, {"model": "wagtailcore.pagelogentry", "pk": 45, "fields": {"content_type": 2, "label": "Home", "action": "wagtail.edit", "data_json": "\"\"", "timestamp": "2022-04-20T17:38:56.676Z", "uuid": "50a891a4-a8e9-4f59-81e0-8efb71410d9d", "user": 1, "content_changed": true, "deleted": false, "page": 3, "revision": 23}}, {"model": "wagtailcore.pagelogentry", "pk": 46, "fields": {"content_type": 2, "label": "Home", "action": "wagtail.publish", "data_json": "null", "timestamp": "2022-04-20T17:38:58.251Z", "uuid": "50a891a4-a8e9-4f59-81e0-8efb71410d9d", "user": 1, "content_changed": true, "deleted": false, "page": 3, "revision": 23}}, {"model": "wagtailcore.pagelogentry", "pk": 47, "fields": {"content_type": 2, "label": "Home", "action": "wagtail.edit", "data_json": "\"\"", "timestamp": "2022-04-20T18:06:06.497Z", "uuid": "e2454378-781c-4a97-8872-5c61b481118b", "user": 1, "content_changed": true, "deleted": false, "page": 3, "revision": 24}}, {"model": "wagtailcore.pagelogentry", "pk": 48, "fields": {"content_type": 2, "label": "Home", "action": "wagtail.publish", "data_json": "null", "timestamp": "2022-04-20T18:06:07.906Z", "uuid": "e2454378-781c-4a97-8872-5c61b481118b", "user": 1, "content_changed": true, "deleted": false, "page": 3, "revision": 24}}, {"model": "wagtailcore.pagelogentry", "pk": 49, "fields": {"content_type": 48, "label": "Samples", "action": "wagtail.create", "data_json": "\"\"", "timestamp": "2022-04-20T20:15:30.620Z", "uuid": "9891d81a-95bc-411a-aa79-990fb11546b5", "user": 1, "content_changed": true, "deleted": false, "page": 5, "revision": null}}, {"model": "wagtailcore.pagelogentry", "pk": 50, "fields": {"content_type": 48, "label": "Samples", "action": "wagtail.publish", "data_json": "null", "timestamp": "2022-04-20T20:15:32.137Z", "uuid": "9891d81a-95bc-411a-aa79-990fb11546b5", "user": 1, "content_changed": true, "deleted": false, "page": 5, "revision": 25}}, {"model": "wagtailcore.pagelogentry", "pk": 51, "fields": {"content_type": 45, "label": "Distance education in Nurse Education", "action": "wagtail.create", "data_json": "\"\"", "timestamp": "2022-04-20T22:49:45.283Z", "uuid": "5fb0909b-33da-454d-9fae-15c963f7e882", "user": 1, "content_changed": true, "deleted": false, "page": 6, "revision": null}}, {"model": "wagtailcore.pagelogentry", "pk": 52, "fields": {"content_type": 45, "label": "Distance education in Nurse Education", "action": "wagtail.publish", "data_json": "null", "timestamp": "2022-04-20T22:49:47.561Z", "uuid": "5fb0909b-33da-454d-9fae-15c963f7e882", "user": 1, "content_changed": true, "deleted": false, "page": 6, "revision": 26}}, {"model": "wagtailcore.pagelogentry", "pk": 53, "fields": {"content_type": 45, "label": "Distance education in Nurse Education", "action": "wagtail.edit", "data_json": "\"\"", "timestamp": "2022-04-20T23:53:09.167Z", "uuid": "65aa88b8-650a-4760-9928-c3c919f1af4a", "user": 1, "content_changed": true, "deleted": false, "page": 6, "revision": 27}}, {"model": "wagtailcore.pagelogentry", "pk": 54, "fields": {"content_type": 45, "label": "Distance education in Nurse Education", "action": "wagtail.publish", "data_json": "null", "timestamp": "2022-04-20T23:53:11.253Z", "uuid": "65aa88b8-650a-4760-9928-c3c919f1af4a", "user": 1, "content_changed": true, "deleted": false, "page": 6, "revision": 27}}, {"model": "wagtailcore.pagelogentry", "pk": 55, "fields": {"content_type": 56, "label": "Privacy Policy", "action": "wagtail.create", "data_json": "\"\"", "timestamp": "2022-04-21T16:07:59.546Z", "uuid": "4a8902b3-083d-4b14-89ac-86fca185a431", "user": 1, "content_changed": true, "deleted": false, "page": 7, "revision": null}}, {"model": "wagtailcore.pagelogentry", "pk": 56, "fields": {"content_type": 56, "label": "Privacy Policy", "action": "wagtail.publish", "data_json": "null", "timestamp": "2022-04-21T16:08:01.302Z", "uuid": "4a8902b3-083d-4b14-89ac-86fca185a431", "user": 1, "content_changed": true, "deleted": false, "page": 7, "revision": 28}}, {"model": "wagtailcore.pagelogentry", "pk": 57, "fields": {"content_type": 56, "label": "Privacy Policy", "action": "wagtail.edit", "data_json": "\"\"", "timestamp": "2022-04-21T16:17:45.968Z", "uuid": "b6d6a457-15fb-4273-8770-9ab86b6327ca", "user": 1, "content_changed": true, "deleted": false, "page": 7, "revision": 29}}, {"model": "wagtailcore.pagelogentry", "pk": 58, "fields": {"content_type": 56, "label": "Privacy Policy", "action": "wagtail.publish", "data_json": "null", "timestamp": "2022-04-21T16:17:46.921Z", "uuid": "b6d6a457-15fb-4273-8770-9ab86b6327ca", "user": 1, "content_changed": true, "deleted": false, "page": 7, "revision": 29}}, {"model": "wagtailcore.pagesubscription", "pk": 1, "fields": {"user": 1, "page": 3, "comment_notifications": false}}, {"model": "wagtailcore.pagesubscription", "pk": 2, "fields": {"user": 1, "page": 4, "comment_notifications": true}}, {"model": "wagtailcore.pagesubscription", "pk": 3, "fields": {"user": 1, "page": 5, "comment_notifications": true}}, {"model": "wagtailcore.pagesubscription", "pk": 4, "fields": {"user": 1, "page": 6, "comment_notifications": true}}, {"model": "wagtailcore.pagesubscription", "pk": 5, "fields": {"user": 1, "page": 7, "comment_notifications": true}}, {"model": "taggit.tag", "pk": 1, "fields": {"name": "distance learning", "slug": "distance-learning"}}, {"model": "taggit.tag", "pk": 2, "fields": {"name": "online learning", "slug": "online-learning"}}, {"model": "taggit.tag", "pk": 4, "fields": {"name": "distance learning,", "slug": "distance-learning_1"}}, {"model": "taggit.tag", "pk": 5, "fields": {"name": "nurse education", "slug": "nurse-education"}}, {"model": "taggit.tag", "pk": 6, "fields": {"name": ",", "slug": ""}}, {"model": "otherpages.aboutpage", "pk": 4, "fields": {"search_image": null, "section_about": "[{\"type\": \"About_section\", \"value\": {\"eyebrow\": \"About us\", \"headline\": \"Made for your academic needs\", \"description\": \"<p data-block-key=\\\"7sx2v\\\">The Nursing Ace comprises competent and knowledgeable writers in a wide range of medical writing tasks and research to suit your individual and academic needs.\\u00a0 Throughout our coaching experience, you will acquire the confidence, tools, and assistance to enable you to succeed in your respective nursing program.</p><p data-block-key=\\\"fbe2l\\\">Our approach to medical writing is empowering you to become the leader you desire to be in your nursing profession. We are aware that you have unique needs and so the coaching should be tailored accordingly.\\u00a0</p><p data-block-key=\\\"8014i\\\">Our medical writing and coaching services are customized to your requirements, with great emphasis on\\u00a0<b>originality, confidentiality, punctuality, and exemplary academic rigor.\\u00a0</b></p><p data-block-key=\\\"52ame\\\">We believe that no matter how good you are in nursing practice,\\u00a0 our assistance in your writing and research tasks will make you even better. We are available to assist you in your ADN, BSN, master&#x27;s, and doctorate research and writing tasks, no matter the urgency and complexity.\\u00a0 \\u00a0\\u00a0</p><p data-block-key=\\\"84gko\\\"><b>Contact us</b>\\u00a0today for a head-start to your professional and nursing school success.\\u00a0</p>\"}, \"id\": \"4bbf5f9d-ceed-40f0-82a5-f699c3faaf0c\"}]", "section_about_image": 5, "core_values": "[{\"type\": \"section_core_section\", \"value\": {\"eyebrow\": \"Our Core Values\", \"headline\": \"How We Do And We Love Keeping It That Way\", \"description\": \"<p data-block-key=\\\"fm7bq\\\">Our values are your guiding principles and we love keeping it that way. These values provide direction for each of us so we can be at our best.</p>\"}, \"id\": \"9e725bd3-5434-4bdd-8015-c677cb9eb46e\"}]", "core_values_cards": "[{\"type\": \"values_cards\", \"value\": {\"cards\": [{\"type\": \"item\", \"value\": {\"fontawesome\": \"\", \"headline\": \"Insist on the Highest Standards\", \"description\": \"Our relentlessly to high standards keeps us continuously raising the bar and driving our writers to deliver highly researched papers, zero grammatical errors, and unique solutions.\"}, \"id\": \"c1823577-322e-4916-8116-455f06521b72\"}, {\"type\": \"item\", \"value\": {\"fontawesome\": \"\", \"headline\": \"Ownership\", \"description\": \"When you pass we pass. We focus on our long-term relationship with you. We think long-term and don\\u2019t sacrifice the long-term value for short-term results.\"}, \"id\": \"8cb4babc-8a94-4d62-90ff-ad14ac1c5ff6\"}, {\"type\": \"item\", \"value\": {\"fontawesome\": \"\", \"headline\": \"Customer Obsession\", \"description\": \"We put our customer interest first and then work backward. After understanding what you need we go ahead and tailor the paper towards your class requirements and readings.\"}, \"id\": \"b41bd543-d9d6-42a1-af9a-6460272649e9\"}]}, \"id\": \"0ba82a35-de98-4590-ad1c-79f7cff09c14\"}]"}}, {"model": "otherpages.policypage", "pk": 7, "fields": {"search_image": null, "policy_body": "[{\"type\": \"policy_body\", \"value\": \"<p data-block-key=\\\"cufi6\\\">At <i>The Nursing Ace, ( \\u201cTNA\\u201d, \\u201cWe\\u201d, \\u201cUs\\u201d, or \\u201cOur\\u201d)</i> we hold your privacy in the highest esteem and protect it judiciously.\\u00a0 In this privacy policy we cover policies on collecting, usage and disclosure of your private information that is collected through our website and service, thenursingace.com. The policy also outlines the options available to you on accessing and updating the information</p><ul><li data-block-key=\\\"3togk\\\">All our website users are required to agree to this privacy policy and terms and conditions of use to use the site by indicating their consent when registering on the site.</li><li data-block-key=\\\"1qk2j\\\">The use of information gathered through our services shall be restricted to the purpose of offering the service(s) that our customers have engaged us in.\\u00a0 Our website address is: <a href=\\\"https://thenursingace.com/\\\">https://thenursingace.com</a>.</li><li data-block-key=\\\"tsjq\\\">We collect your information when you visit our website, register on our site, place an order, subscribe to our newsletter, respond to a survey or fill our contact forms.</li><li data-block-key=\\\"4kuj4\\\">The personal information we collect from our website\\u2019s visitors including emails and identity remains confidential.\\u00a0 We comply with laws and regulations governing confidentiality\\u00a0\\u00a0 in USA and European Union. At no circumstances will we disclose or pass the information to third parties, unless the law obliges us to do so.</li><li data-block-key=\\\"datpn\\\">Once you submit your email address on the website, you consent to receiving email from us. We only send emails to individuals who have permitted us to get in touch with them through the website.</li><li data-block-key=\\\"1tvnt\\\">We collect your email for the purpose of engaging you with our services as per your request.\\u00a0 In case you do not want to receive our emails, you can opt out any time by unsubscribing or writing through the website email, admin@thenursingace.com.</li></ul><p data-block-key=\\\"dk9h2\\\"><b>Analytics</b></p><ul><li data-block-key=\\\"6c38b\\\">The Nursing Ace uses Google analytics and monster insights for analyzing the audience visiting the site and in enhancing our content.\\u00a0 Use of cookies does not in any way store personal identifiable information.</li><li data-block-key=\\\"1msln\\\">The analytical tools could collect personal identifiable information such as IP address or user names, depending on how the visitor uses the site, such as making comments on the blog posts or participating in forums. The information collected therein is protected by the vendors of these analytic tools as outlined in their respective privacy policies. \\u00a0Personal information is not disclosed at any circumstance, unless it is required by law.</li></ul><p data-block-key=\\\"1rq6e\\\"><b>Customer orders</b></p><ul><li data-block-key=\\\"1h1mu\\\">We accept payments for ordered services through PayPal.\\u00a0 When making payments, some of your personal identifiable information will be collected by PayPal. Please read PayPal Privacy policy for additional details.</li></ul><p data-block-key=\\\"4fji\\\"><b>Social media features</b></p><ul><li data-block-key=\\\"1g6vg\\\">The nursing ace has several social media features, including Facebook share buttons.\\u00a0 The features could collect your IP address and pages you visit on the website. \\u00a0The social media features are hosted by third parties and regulated by private policies of the entities providing them.</li></ul><p data-block-key=\\\"ebjs7\\\"><b>Notification of privacy policy changes</b></p><ul><li data-block-key=\\\"ev6na\\\">We may constantly update our privacy policy from time to time to serve our clients better and enhance user experience. \\u00a0We shall notify you about the changes and updates on our privacy policies through notifications on the website before the changes are effected. \\u00a0We recommend you to review this page periodically to keep in touch with the changes.</li></ul><p data-block-key=\\\"7hddc\\\"><b>Contact Us</b></p><p data-block-key=\\\"75acd\\\">If you have any questions about our privacy policy, please get in touch with the administrator at <a href=\\\"mailto:admin@thenursingace.com\\\">admin@thenursingace.com</a>.</p>\", \"id\": \"1b397d9d-f69b-4d2c-b74a-1b7ee01b2d91\"}]"}}, {"model": "resources.articleslistpage", "pk": 5, "fields": {"search_image": null, "samples_per_page": 20}}, {"model": "resources.articleauthor", "pk": 2, "fields": {"first_name": "Joseph", "last_name": "Maina", "author_bio": ""}}, {"model": "resources.articleauthororderable", "pk": 1, "fields": {"sort_order": 0, "page": 6, "author": 2}}, {"model": "resources.articlecategory", "pk": 1, "fields": {"title": "Research Writing", "slug": "research-writing"}}, {"model": "resources.articlecategory", "pk": 2, "fields": {"title": "Powerpoint Presentations", "slug": "powerpoint-presentations"}}, {"model": "resources.articlecategoryorderable", "pk": 1, "fields": {"sort_order": 0, "page": 6, "category": 1}}, {"model": "resources.articletagpage", "pk": 6, "fields": {"tag": 1, "content_object": 6}}, {"model": "resources.articletagpage", "pk": 7, "fields": {"tag": 2, "content_object": 6}}, {"model": "resources.articletagpage", "pk": 8, "fields": {"tag": 5, "content_object": 6}}, {"model": "resources.articletagpage", "pk": 9, "fields": {"tag": 6, "content_object": 6}}, {"model": "resources.articledetailpage", "pk": 6, "fields": {"search_image": null, "question_image": 5, "sample_question": "[{\"type\": \"sample_question\", \"value\": \"<p data-block-key=\\\"q6a1m\\\">Conduct a search on current literature (published within the last 5 years) for a minimum of 3 scholarly research articles about distance education programs, web-based education, or the application of informatics and technology on nursing education.\\u00a0 Conduct an analysis and discussion on the articles and describe the outcomes for a particular distance learning modalities.\\u00a0 Discuss one of the following:</p><ol><li data-block-key=\\\"37jc2\\\">What extent do you believe that technology-supported distance education programs changed nursing education for the 21st century?</li><li data-block-key=\\\"e9anv\\\">discuss the pros and cons for the delivery of clinical courses through distance education strategies.</li><li data-block-key=\\\"96lvo\\\">select a course that you teach and adapt it to either on-line, video-conferencing, hybrid, or web-based technology.\\u00a0 Explain your rational for your selection as it applies to the course.</li></ol>\", \"id\": \"6bb00e57-5c96-4a4b-90dc-2f71622a1140\"}]", "sample_answer": "[{\"type\": \"sample_answer\", \"value\": \"<p data-block-key=\\\"pnxbq\\\">My discussion point for the project evaluation project is analysis of the pros and cons of delivery of clinical courses through the distance education strategies.\\u00a0 I have selected this discussion point for various reasons. First, there has been an increase in the enrollment of nursing students in distance education programs, and hence it is important\\u00a0\\u00a0 to understand the main attractions of taking distance education modules over the traditional brick and mortal classes. Secondly, I would like to learn about the impacts of undertaking distance education clinical courses on the competence of the learners in delivering quality healthcare services to patients in diverse clinical settings.</p><p data-block-key=\\\"d5oma\\\">In nursing practice, delivery of quality healthcare services, using evidence based practices has been identified as one of the major goals of the healthcare system in addressing the various healthcare challenges in the 21st century. Thirdly, delivery of clinical course through distance learning has raised concerns about its ability to empower learners with significant clinical experience, which is mostly associated with the conventional classwork training.</p><p data-block-key=\\\"dtv68\\\">Healthcare policy makers and professionals have recommended nurses to advance their education as a strategy of enhancing their skills and knowledge to enable the healthcare professional address the changing healthcare needs in the population (Rouleau, Gagnon, C\\u00f4t\\u00e9, Hudson, Julien &amp; Dubois, 2017). For nurse education program to empower the nurses with requisite skills, it is important to enhance its rigor and ensure integration of clinical and practical experiences in the entire learning process (Lowery &amp; Spector, 2014). Distance education programs in nursing have created opportunities for nurses to advance their education engage in lifelong learning and enhance their professional development. Essentially delivery of clinical distance learning programs is done online, through various, information technology applications and internet enables devices, such as smartphones, personal computers and tablets among others.\\u00a0 In this case, the instructor and the learner are geographically separated and depend on electronic devices in delivery of instructions and course content (Vioral, 2013).</p><p data-block-key=\\\"6odnu\\\">Distance learning in nurse education has been identified as one of the strategies of addressing the issue of nurse shortage in the healthcare system by encouraging increased enrolment of nursing students. About 600,000 new nursing students are enrolling in at least one distance learning course (Lowery &amp; Spector, 2014). By 2013, the total number of nursing students enrolled in various distance learning programs was 6.7 million in the United States (Mitchell &amp; Delgado, 2014). Various innovative technologies are applied in delivery of nursing curriculum online, such as blackboard platforms, social media, video conferencing, webinars, virtual clinic learning environments (VCCLE\\u2019s), telehealth, and numerous open online courses.</p><p data-block-key=\\\"fdpre\\\">Delivery of clinical courses through distance learning education approaches is associated with various benefits. First, it provides limitless opportunities for nurses to advance their education and promote their professional development (Mee, 2014). This is due to the fact that it is convenient and affordable, which enables learners to participate in learning activities at any place of their convenience, including residences and workplaces.\\u00a0 Advancement of education and participation in lifelong learning empowers nurses with up to date medical technology, knowledge and skills, including application of evidence based practice in various settings.\\u00a0 \\u00a0\\u00a0</p><p data-block-key=\\\"ej4gc\\\">Secondly, delivery of clinical courses through distance learning encourages healthcare systems to apply and embrace the various emerging technologies especially information technology in delivery of healthcare services in diverse settings (Mitchell &amp; Delgado, 2014). This is due to the fact that learners undertaking the distance learning programs are required to be proficient in various computer applications applied in the contemporary learning and healthcare setting. As a result, the learners become familiar with the various technological applications that could be used in contemporary healthcare setting. This enables them to become receptive to various applications applied in enhancing delivery of healthcare services, such as electronic health records, telehealth and social media among others.</p><p data-block-key=\\\"f6jg7\\\">The third benefit of distance learning in healthcare is that it has enabled nursing programs to extend their reach. This has resulted to improved accessibility of nursing education to various groups of people in diverse settings including remote areas, who might otherwise lack the opportunities\\u00a0\\u00a0 to join the nursing career.\\u00a0 As a result, distance learning has increased diversity of healthcare professionals in the healthcare system. This has enhanced the ability of the healthcare system to deliver patient centered and culturally sensitive care to various groups of people, including minorities groups, including women, minority racial groups, lesbians, gays, transsexuals among others. Another benefit of distance learning is that it is flexible to learners, cost-effective and provides access to a wide range of learning resources (Baleni, 2015).</p><p data-block-key=\\\"378l6\\\">However, various shortcomings are associated with distance learning in healthcare context. First, the module is associated with concerns about its ability to provide learners with meaningful clinical experience remotely, such as acquiring psychomotor and critical thinking skills (Dacanay, Vaughn, Orr, Andre &amp; Mort, 2015). This is due to the fact distance learning is undertaken in an isolated setting, making it difficult for learners to deduce visual and nonverbal cues. Distance learning of healthcare courses is associated with limited practicum experience. Practicum experience empowers learners with various skills appropriate for medical practice, such as ability to become organized and prioritize in addition\\u00a0\\u00a0 to hand on experiences. Practicum experiences are normally acquired in settings that allow interactive and collegial interactions between learners and instructors. This enables the learner to acquire anticipatory guidance, which is necessary for both independent and collaborative medical practice(Lowery &amp; Spector, 2014).</p><p data-block-key=\\\"5jq53\\\">Another shortcoming associated with distance learning in medical practice is that the programs are designed for a wider population of students compared to the conventional classroom learning setting (Baleni, 2015). This implies that it does not address individual needs of learners such as culture, including proficiency in the language of instruction. Additionally, the increased number of learners in distant learning programs increases the possibilities of errors, especially during assessment and monitoring of learners. Moreover, implementation of distance based clinical program requires costly investments inform appropriate infrastructure, including technological installations and human resources.\\u00a0 To address the challenges associated with delivery of clinical courses in distance learning, it is important to for the institutions to be well prepared in terms of acquiring appropriate resources, support from stakeholders and leadership to ensure its success in instilling learners with required skills and competence.</p><p data-block-key=\\\"7oehi\\\">Conclusion</p><p data-block-key=\\\"bi1gv\\\">Delivery of clinical courses through various distance learning strategies is growing rapidly in popularity across the United States. Some of the benefits associated with the approach include convenience, wider accessibility and cost effectiveness. Distance learning has increased opportunities for healthcare professionals to advance their education conveniently and affordably.\\u00a0 However, it is associated with inadequate clinical experience and lack of adequate instructor-learner interaction. Moreover, implementing clinical distance programs is costly.\\u00a0 To address the concerns associated with distance learning programs, it is important to secure support from relevant stakeholders\\u00a0\\u00a0 and aim at continuous improvement of delivery methods and content of the programs.</p><h4 data-block-key=\\\"1do7r\\\"><b>References</b></h4><p data-block-key=\\\"dc4mu\\\">Baleni, Z. G. (2015). Online formative assessment in higher education: Its pros and cons. Electronic Journal of E-Learning, 13(4), 228-236.</p><p data-block-key=\\\"730c1\\\">Dacanay, A. P., Vaughn, S., Orr, M., Andre, J., &amp; Mort, K. (2015). Factors contributing to\\u00a0 nursing distance education student success. Journal of Nursing Education and Practice, 5(2), 34-34. doi:10.5430/jnep.v5n2p34</p><p data-block-key=\\\"fsrq4\\\">Lowery, B., &amp; Spector, N.(2014). Regulatory implications and recommendations for distance education in prelicensure nursing programs. Journal of Nursing Regulation, 5(3):25-33.</p><p data-block-key=\\\"bc2t0\\\">Mee, S.(2014). Is distance education the answer to the nursing shortage? Open Journal of \\u00a0Nursing, 4: 158-162.</p><p data-block-key=\\\"eguh7\\\">Mitchell, M., &amp; Delgado, C. (2014). Online Learning: Advantages and Challenges in Implementing an Effective Practicum Experience. Open Journal of Nursing, 4: 379-384. http://dx.doi.org/10.4236/ojn.2014.46044.</p><p data-block-key=\\\"ap4mp\\\">Rouleau, R., Gagnon, M., C\\u00f4t\\u00e9, J Hudson, E.,\\u00a0 Julien , B., &amp; Dubois, C.(2017). Effects of e-learning in a continuing education context on nursing care: a review of systematic qualitative, quantitative and mixed studies reviews9protocol). BMJ Open, 7:e018441. doi: 10.1136/bmjopen-2017-018441.</p><p data-block-key=\\\"9rqgj\\\">Vioral, A.(2013). Exploring pedagogical competence in a distance education nursing program: A case study. Journal of Nursing Education and Practice, 3(9):36-47.</p>\", \"id\": \"8b876d12-68db-4e79-b2ef-52fe9d80a749\"}]"}}, {"model": "contact.subscriber", "pk": 1, "fields": {"date_added": "2022-04-21T23:23:45.986Z", "email": "julius@cannyva.com", "active": true}}, {"model": "contact.subscriber", "pk": 2, "fields": {"date_added": "2022-04-21T23:24:02.010Z", "email": "pkiura@cannyva.com", "active": true}}, {"model": "contact.subscriber", "pk": 3, "fields": {"date_added": "2022-04-21T23:28:30.832Z", "email": "pkiura@something.com", "active": true}}, {"model": "contact.subscriber", "pk": 4, "fields": {"date_added": "2022-04-21T23:41:05.751Z", "email": "workmyexpert@gmail.com", "active": true}}, {"model": "contact.subscriber", "pk": 5, "fields": {"date_added": "2022-04-21T23:51:31.635Z", "email": "workmyexpert@gmail.com", "active": true}}, {"model": "contact.subscriber", "pk": 6, "fields": {"date_added": "2022-04-21T23:53:46.498Z", "email": "workmyexpert@gmail.com", "active": true}}, {"model": "contact.subscriber", "pk": 7, "fields": {"date_added": "2022-04-21T23:56:55.385Z", "email": "workmyexpert@gmail.com", "active": true}}, {"model": "contact.subscriber", "pk": 8, "fields": {"date_added": "2022-04-21T23:58:48.573Z", "email": "workmyexpert@gmail.com", "active": true}}, {"model": "contact.subscriber", "pk": 9, "fields": {"date_added": "2022-04-22T00:04:33.614Z", "email": "workmyexpert@gmail.com", "active": true}}, {"model": "contact.subscriber", "pk": 10, "fields": {"date_added": "2022-04-22T00:05:36.397Z", "email": "mainamiugo@gmail.com", "active": true}}, {"model": "contact.subscriber", "pk": 11, "fields": {"date_added": "2022-04-22T00:16:32.264Z", "email": "john@cannyva.com", "active": true}}, {"model": "contact.modelcontact", "pk": 1, "fields": {"date_added": "2022-04-21T10:37:48.432Z", "first_name": "Waweru", "last_name": "Kiura", "e_mail": "myemail@gmail.com", "phone_number": "3436657567567", "business": "Big company", "message": "something cool"}}, {"model": "contact.modelcontact", "pk": 2, "fields": {"date_added": "2022-04-21T10:38:43.493Z", "first_name": "Waweru", "last_name": "Kiura", "e_mail": "myemail@gmail.com", "phone_number": "3436657567567", "business": "Big company", "message": "something cool"}}, {"model": "contact.modelcontact", "pk": 3, "fields": {"date_added": "2022-04-21T10:39:21.628Z", "first_name": "Waweru", "last_name": "Kiura", "e_mail": "myemail@gmail.com", "phone_number": "3436657567567", "business": "Big company", "message": "something cool"}}, {"model": "contact.modelcontact", "pk": 4, "fields": {"date_added": "2022-04-21T15:02:54.287Z", "first_name": "Waweru", "last_name": "AceNursingAdmin", "e_mail": "myemail@gmail.com", "phone_number": "3436657567567", "business": "Big company", "message": "something else"}}, {"model": "sitemanager.sitemanagersetting", "pk": 1, "fields": {"businessname": "The Nursing Ace", "address": "2nd floor, Diamond Plaza Annexe 4th", "location": "Parklands Avenue, Nairobi, Kenya", "phone": "+254722312723", "email": "julius@cannyva.com", "email_thank_you_text": "Thank you for your messsage. We will get back to you shortly."}}, {"model": "auth.permission", "pk": 1, "fields": {"name": "Can access Wagtail admin", "content_type": 3, "codename": "access_admin"}}, {"model": "auth.permission", "pk": 2, "fields": {"name": "Can add document", "content_type": 5, "codename": "add_document"}}, {"model": "auth.permission", "pk": 3, "fields": {"name": "Can change document", "content_type": 5, "codename": "change_document"}}, {"model": "auth.permission", "pk": 4, "fields": {"name": "Can delete document", "content_type": 5, "codename": "delete_document"}}, {"model": "auth.permission", "pk": 5, "fields": {"name": "Can choose document", "content_type": 5, "codename": "choose_document"}}, {"model": "auth.permission", "pk": 6, "fields": {"name": "Can add image", "content_type": 6, "codename": "add_image"}}, {"model": "auth.permission", "pk": 7, "fields": {"name": "Can change image", "content_type": 6, "codename": "change_image"}}, {"model": "auth.permission", "pk": 8, "fields": {"name": "Can delete image", "content_type": 6, "codename": "delete_image"}}, {"model": "auth.permission", "pk": 9, "fields": {"name": "Can choose image", "content_type": 6, "codename": "choose_image"}}, {"model": "auth.permission", "pk": 10, "fields": {"name": "Can add home page", "content_type": 2, "codename": "add_homepage"}}, {"model": "auth.permission", "pk": 11, "fields": {"name": "Can change home page", "content_type": 2, "codename": "change_homepage"}}, {"model": "auth.permission", "pk": 12, "fields": {"name": "Can delete home page", "content_type": 2, "codename": "delete_homepage"}}, {"model": "auth.permission", "pk": 13, "fields": {"name": "Can view home page", "content_type": 2, "codename": "view_homepage"}}, {"model": "auth.permission", "pk": 14, "fields": {"name": "Can add form submission", "content_type": 7, "codename": "add_formsubmission"}}, {"model": "auth.permission", "pk": 15, "fields": {"name": "Can change form submission", "content_type": 7, "codename": "change_formsubmission"}}, {"model": "auth.permission", "pk": 16, "fields": {"name": "Can delete form submission", "content_type": 7, "codename": "delete_formsubmission"}}, {"model": "auth.permission", "pk": 17, "fields": {"name": "Can view form submission", "content_type": 7, "codename": "view_formsubmission"}}, {"model": "auth.permission", "pk": 18, "fields": {"name": "Can add redirect", "content_type": 8, "codename": "add_redirect"}}, {"model": "auth.permission", "pk": 19, "fields": {"name": "Can change redirect", "content_type": 8, "codename": "change_redirect"}}, {"model": "auth.permission", "pk": 20, "fields": {"name": "Can delete redirect", "content_type": 8, "codename": "delete_redirect"}}, {"model": "auth.permission", "pk": 21, "fields": {"name": "Can view redirect", "content_type": 8, "codename": "view_redirect"}}, {"model": "auth.permission", "pk": 22, "fields": {"name": "Can add embed", "content_type": 9, "codename": "add_embed"}}, {"model": "auth.permission", "pk": 23, "fields": {"name": "Can change embed", "content_type": 9, "codename": "change_embed"}}, {"model": "auth.permission", "pk": 24, "fields": {"name": "Can delete embed", "content_type": 9, "codename": "delete_embed"}}, {"model": "auth.permission", "pk": 25, "fields": {"name": "Can view embed", "content_type": 9, "codename": "view_embed"}}, {"model": "auth.permission", "pk": 26, "fields": {"name": "Can add user profile", "content_type": 10, "codename": "add_userprofile"}}, {"model": "auth.permission", "pk": 27, "fields": {"name": "Can change user profile", "content_type": 10, "codename": "change_userprofile"}}, {"model": "auth.permission", "pk": 28, "fields": {"name": "Can delete user profile", "content_type": 10, "codename": "delete_userprofile"}}, {"model": "auth.permission", "pk": 29, "fields": {"name": "Can view user profile", "content_type": 10, "codename": "view_userprofile"}}, {"model": "auth.permission", "pk": 30, "fields": {"name": "Can view document", "content_type": 5, "codename": "view_document"}}, {"model": "auth.permission", "pk": 31, "fields": {"name": "Can add uploaded document", "content_type": 11, "codename": "add_uploadeddocument"}}, {"model": "auth.permission", "pk": 32, "fields": {"name": "Can change uploaded document", "content_type": 11, "codename": "change_uploadeddocument"}}, {"model": "auth.permission", "pk": 33, "fields": {"name": "Can delete uploaded document", "content_type": 11, "codename": "delete_uploadeddocument"}}, {"model": "auth.permission", "pk": 34, "fields": {"name": "Can view uploaded document", "content_type": 11, "codename": "view_uploadeddocument"}}, {"model": "auth.permission", "pk": 35, "fields": {"name": "Can view image", "content_type": 6, "codename": "view_image"}}, {"model": "auth.permission", "pk": 36, "fields": {"name": "Can add rendition", "content_type": 12, "codename": "add_rendition"}}, {"model": "auth.permission", "pk": 37, "fields": {"name": "Can change rendition", "content_type": 12, "codename": "change_rendition"}}, {"model": "auth.permission", "pk": 38, "fields": {"name": "Can delete rendition", "content_type": 12, "codename": "delete_rendition"}}, {"model": "auth.permission", "pk": 39, "fields": {"name": "Can view rendition", "content_type": 12, "codename": "view_rendition"}}, {"model": "auth.permission", "pk": 40, "fields": {"name": "Can add uploaded image", "content_type": 13, "codename": "add_uploadedimage"}}, {"model": "auth.permission", "pk": 41, "fields": {"name": "Can change uploaded image", "content_type": 13, "codename": "change_uploadedimage"}}, {"model": "auth.permission", "pk": 42, "fields": {"name": "Can delete uploaded image", "content_type": 13, "codename": "delete_uploadedimage"}}, {"model": "auth.permission", "pk": 43, "fields": {"name": "Can view uploaded image", "content_type": 13, "codename": "view_uploadedimage"}}, {"model": "auth.permission", "pk": 44, "fields": {"name": "Can add query", "content_type": 14, "codename": "add_query"}}, {"model": "auth.permission", "pk": 45, "fields": {"name": "Can change query", "content_type": 14, "codename": "change_query"}}, {"model": "auth.permission", "pk": 46, "fields": {"name": "Can delete query", "content_type": 14, "codename": "delete_query"}}, {"model": "auth.permission", "pk": 47, "fields": {"name": "Can view query", "content_type": 14, "codename": "view_query"}}, {"model": "auth.permission", "pk": 48, "fields": {"name": "Can add Query Daily Hits", "content_type": 15, "codename": "add_querydailyhits"}}, {"model": "auth.permission", "pk": 49, "fields": {"name": "Can change Query Daily Hits", "content_type": 15, "codename": "change_querydailyhits"}}, {"model": "auth.permission", "pk": 50, "fields": {"name": "Can delete Query Daily Hits", "content_type": 15, "codename": "delete_querydailyhits"}}, {"model": "auth.permission", "pk": 51, "fields": {"name": "Can view Query Daily Hits", "content_type": 15, "codename": "view_querydailyhits"}}, {"model": "auth.permission", "pk": 52, "fields": {"name": "Can add index entry", "content_type": 16, "codename": "add_indexentry"}}, {"model": "auth.permission", "pk": 53, "fields": {"name": "Can change index entry", "content_type": 16, "codename": "change_indexentry"}}, {"model": "auth.permission", "pk": 54, "fields": {"name": "Can delete index entry", "content_type": 16, "codename": "delete_indexentry"}}, {"model": "auth.permission", "pk": 55, "fields": {"name": "Can view index entry", "content_type": 16, "codename": "view_indexentry"}}, {"model": "auth.permission", "pk": 56, "fields": {"name": "Can add page", "content_type": 1, "codename": "add_page"}}, {"model": "auth.permission", "pk": 57, "fields": {"name": "Can change page", "content_type": 1, "codename": "change_page"}}, {"model": "auth.permission", "pk": 58, "fields": {"name": "Can delete page", "content_type": 1, "codename": "delete_page"}}, {"model": "auth.permission", "pk": 59, "fields": {"name": "Can view page", "content_type": 1, "codename": "view_page"}}, {"model": "auth.permission", "pk": 60, "fields": {"name": "Can add group page permission", "content_type": 17, "codename": "add_grouppagepermission"}}, {"model": "auth.permission", "pk": 61, "fields": {"name": "Can change group page permission", "content_type": 17, "codename": "change_grouppagepermission"}}, {"model": "auth.permission", "pk": 62, "fields": {"name": "Can delete group page permission", "content_type": 17, "codename": "delete_grouppagepermission"}}, {"model": "auth.permission", "pk": 63, "fields": {"name": "Can view group page permission", "content_type": 17, "codename": "view_grouppagepermission"}}, {"model": "auth.permission", "pk": 64, "fields": {"name": "Can add page revision", "content_type": 18, "codename": "add_pagerevision"}}, {"model": "auth.permission", "pk": 65, "fields": {"name": "Can change page revision", "content_type": 18, "codename": "change_pagerevision"}}, {"model": "auth.permission", "pk": 66, "fields": {"name": "Can delete page revision", "content_type": 18, "codename": "delete_pagerevision"}}, {"model": "auth.permission", "pk": 67, "fields": {"name": "Can view page revision", "content_type": 18, "codename": "view_pagerevision"}}, {"model": "auth.permission", "pk": 68, "fields": {"name": "Can add page view restriction", "content_type": 19, "codename": "add_pageviewrestriction"}}, {"model": "auth.permission", "pk": 69, "fields": {"name": "Can change page view restriction", "content_type": 19, "codename": "change_pageviewrestriction"}}, {"model": "auth.permission", "pk": 70, "fields": {"name": "Can delete page view restriction", "content_type": 19, "codename": "delete_pageviewrestriction"}}, {"model": "auth.permission", "pk": 71, "fields": {"name": "Can view page view restriction", "content_type": 19, "codename": "view_pageviewrestriction"}}, {"model": "auth.permission", "pk": 72, "fields": {"name": "Can add site", "content_type": 20, "codename": "add_site"}}, {"model": "auth.permission", "pk": 73, "fields": {"name": "Can change site", "content_type": 20, "codename": "change_site"}}, {"model": "auth.permission", "pk": 74, "fields": {"name": "Can delete site", "content_type": 20, "codename": "delete_site"}}, {"model": "auth.permission", "pk": 75, "fields": {"name": "Can view site", "content_type": 20, "codename": "view_site"}}, {"model": "auth.permission", "pk": 76, "fields": {"name": "Can add collection", "content_type": 21, "codename": "add_collection"}}, {"model": "auth.permission", "pk": 77, "fields": {"name": "Can change collection", "content_type": 21, "codename": "change_collection"}}, {"model": "auth.permission", "pk": 78, "fields": {"name": "Can delete collection", "content_type": 21, "codename": "delete_collection"}}, {"model": "auth.permission", "pk": 79, "fields": {"name": "Can view collection", "content_type": 21, "codename": "view_collection"}}, {"model": "auth.permission", "pk": 80, "fields": {"name": "Can add group collection permission", "content_type": 22, "codename": "add_groupcollectionpermission"}}, {"model": "auth.permission", "pk": 81, "fields": {"name": "Can change group collection permission", "content_type": 22, "codename": "change_groupcollectionpermission"}}, {"model": "auth.permission", "pk": 82, "fields": {"name": "Can delete group collection permission", "content_type": 22, "codename": "delete_groupcollectionpermission"}}, {"model": "auth.permission", "pk": 83, "fields": {"name": "Can view group collection permission", "content_type": 22, "codename": "view_groupcollectionpermission"}}, {"model": "auth.permission", "pk": 84, "fields": {"name": "Can add collection view restriction", "content_type": 23, "codename": "add_collectionviewrestriction"}}, {"model": "auth.permission", "pk": 85, "fields": {"name": "Can change collection view restriction", "content_type": 23, "codename": "change_collectionviewrestriction"}}, {"model": "auth.permission", "pk": 86, "fields": {"name": "Can delete collection view restriction", "content_type": 23, "codename": "delete_collectionviewrestriction"}}, {"model": "auth.permission", "pk": 87, "fields": {"name": "Can view collection view restriction", "content_type": 23, "codename": "view_collectionviewrestriction"}}, {"model": "auth.permission", "pk": 88, "fields": {"name": "Can add task", "content_type": 24, "codename": "add_task"}}, {"model": "auth.permission", "pk": 89, "fields": {"name": "Can change task", "content_type": 24, "codename": "change_task"}}, {"model": "auth.permission", "pk": 90, "fields": {"name": "Can delete task", "content_type": 24, "codename": "delete_task"}}, {"model": "auth.permission", "pk": 91, "fields": {"name": "Can view task", "content_type": 24, "codename": "view_task"}}, {"model": "auth.permission", "pk": 92, "fields": {"name": "Can add Task state", "content_type": 25, "codename": "add_taskstate"}}, {"model": "auth.permission", "pk": 93, "fields": {"name": "Can change Task state", "content_type": 25, "codename": "change_taskstate"}}, {"model": "auth.permission", "pk": 94, "fields": {"name": "Can delete Task state", "content_type": 25, "codename": "delete_taskstate"}}, {"model": "auth.permission", "pk": 95, "fields": {"name": "Can view Task state", "content_type": 25, "codename": "view_taskstate"}}, {"model": "auth.permission", "pk": 96, "fields": {"name": "Can add workflow", "content_type": 26, "codename": "add_workflow"}}, {"model": "auth.permission", "pk": 97, "fields": {"name": "Can change workflow", "content_type": 26, "codename": "change_workflow"}}, {"model": "auth.permission", "pk": 98, "fields": {"name": "Can delete workflow", "content_type": 26, "codename": "delete_workflow"}}, {"model": "auth.permission", "pk": 99, "fields": {"name": "Can view workflow", "content_type": 26, "codename": "view_workflow"}}, {"model": "auth.permission", "pk": 100, "fields": {"name": "Can add Group approval task", "content_type": 4, "codename": "add_groupapprovaltask"}}, {"model": "auth.permission", "pk": 101, "fields": {"name": "Can change Group approval task", "content_type": 4, "codename": "change_groupapprovaltask"}}, {"model": "auth.permission", "pk": 102, "fields": {"name": "Can delete Group approval task", "content_type": 4, "codename": "delete_groupapprovaltask"}}, {"model": "auth.permission", "pk": 103, "fields": {"name": "Can view Group approval task", "content_type": 4, "codename": "view_groupapprovaltask"}}, {"model": "auth.permission", "pk": 104, "fields": {"name": "Can add Workflow state", "content_type": 27, "codename": "add_workflowstate"}}, {"model": "auth.permission", "pk": 105, "fields": {"name": "Can change Workflow state", "content_type": 27, "codename": "change_workflowstate"}}, {"model": "auth.permission", "pk": 106, "fields": {"name": "Can delete Workflow state", "content_type": 27, "codename": "delete_workflowstate"}}, {"model": "auth.permission", "pk": 107, "fields": {"name": "Can view Workflow state", "content_type": 27, "codename": "view_workflowstate"}}, {"model": "auth.permission", "pk": 108, "fields": {"name": "Can add workflow page", "content_type": 28, "codename": "add_workflowpage"}}, {"model": "auth.permission", "pk": 109, "fields": {"name": "Can change workflow page", "content_type": 28, "codename": "change_workflowpage"}}, {"model": "auth.permission", "pk": 110, "fields": {"name": "Can delete workflow page", "content_type": 28, "codename": "delete_workflowpage"}}, {"model": "auth.permission", "pk": 111, "fields": {"name": "Can view workflow page", "content_type": 28, "codename": "view_workflowpage"}}, {"model": "auth.permission", "pk": 112, "fields": {"name": "Can add workflow task order", "content_type": 29, "codename": "add_workflowtask"}}, {"model": "auth.permission", "pk": 113, "fields": {"name": "Can change workflow task order", "content_type": 29, "codename": "change_workflowtask"}}, {"model": "auth.permission", "pk": 114, "fields": {"name": "Can delete workflow task order", "content_type": 29, "codename": "delete_workflowtask"}}, {"model": "auth.permission", "pk": 115, "fields": {"name": "Can view workflow task order", "content_type": 29, "codename": "view_workflowtask"}}, {"model": "auth.permission", "pk": 116, "fields": {"name": "Can add page log entry", "content_type": 30, "codename": "add_pagelogentry"}}, {"model": "auth.permission", "pk": 117, "fields": {"name": "Can change page log entry", "content_type": 30, "codename": "change_pagelogentry"}}, {"model": "auth.permission", "pk": 118, "fields": {"name": "Can delete page log entry", "content_type": 30, "codename": "delete_pagelogentry"}}, {"model": "auth.permission", "pk": 119, "fields": {"name": "Can view page log entry", "content_type": 30, "codename": "view_pagelogentry"}}, {"model": "auth.permission", "pk": 120, "fields": {"name": "Can add locale", "content_type": 31, "codename": "add_locale"}}, {"model": "auth.permission", "pk": 121, "fields": {"name": "Can change locale", "content_type": 31, "codename": "change_locale"}}, {"model": "auth.permission", "pk": 122, "fields": {"name": "Can delete locale", "content_type": 31, "codename": "delete_locale"}}, {"model": "auth.permission", "pk": 123, "fields": {"name": "Can view locale", "content_type": 31, "codename": "view_locale"}}, {"model": "auth.permission", "pk": 124, "fields": {"name": "Can add comment", "content_type": 32, "codename": "add_comment"}}, {"model": "auth.permission", "pk": 125, "fields": {"name": "Can change comment", "content_type": 32, "codename": "change_comment"}}, {"model": "auth.permission", "pk": 126, "fields": {"name": "Can delete comment", "content_type": 32, "codename": "delete_comment"}}, {"model": "auth.permission", "pk": 127, "fields": {"name": "Can view comment", "content_type": 32, "codename": "view_comment"}}, {"model": "auth.permission", "pk": 128, "fields": {"name": "Can add comment reply", "content_type": 33, "codename": "add_commentreply"}}, {"model": "auth.permission", "pk": 129, "fields": {"name": "Can change comment reply", "content_type": 33, "codename": "change_commentreply"}}, {"model": "auth.permission", "pk": 130, "fields": {"name": "Can delete comment reply", "content_type": 33, "codename": "delete_commentreply"}}, {"model": "auth.permission", "pk": 131, "fields": {"name": "Can view comment reply", "content_type": 33, "codename": "view_commentreply"}}, {"model": "auth.permission", "pk": 132, "fields": {"name": "Can add page subscription", "content_type": 34, "codename": "add_pagesubscription"}}, {"model": "auth.permission", "pk": 133, "fields": {"name": "Can change page subscription", "content_type": 34, "codename": "change_pagesubscription"}}, {"model": "auth.permission", "pk": 134, "fields": {"name": "Can delete page subscription", "content_type": 34, "codename": "delete_pagesubscription"}}, {"model": "auth.permission", "pk": 135, "fields": {"name": "Can view page subscription", "content_type": 34, "codename": "view_pagesubscription"}}, {"model": "auth.permission", "pk": 136, "fields": {"name": "Can add model log entry", "content_type": 35, "codename": "add_modellogentry"}}, {"model": "auth.permission", "pk": 137, "fields": {"name": "Can change model log entry", "content_type": 35, "codename": "change_modellogentry"}}, {"model": "auth.permission", "pk": 138, "fields": {"name": "Can delete model log entry", "content_type": 35, "codename": "delete_modellogentry"}}, {"model": "auth.permission", "pk": 139, "fields": {"name": "Can view model log entry", "content_type": 35, "codename": "view_modellogentry"}}, {"model": "auth.permission", "pk": 140, "fields": {"name": "Can add tag", "content_type": 36, "codename": "add_tag"}}, {"model": "auth.permission", "pk": 141, "fields": {"name": "Can change tag", "content_type": 36, "codename": "change_tag"}}, {"model": "auth.permission", "pk": 142, "fields": {"name": "Can delete tag", "content_type": 36, "codename": "delete_tag"}}, {"model": "auth.permission", "pk": 143, "fields": {"name": "Can view tag", "content_type": 36, "codename": "view_tag"}}, {"model": "auth.permission", "pk": 144, "fields": {"name": "Can add tagged item", "content_type": 37, "codename": "add_taggeditem"}}, {"model": "auth.permission", "pk": 145, "fields": {"name": "Can change tagged item", "content_type": 37, "codename": "change_taggeditem"}}, {"model": "auth.permission", "pk": 146, "fields": {"name": "Can delete tagged item", "content_type": 37, "codename": "delete_taggeditem"}}, {"model": "auth.permission", "pk": 147, "fields": {"name": "Can view tagged item", "content_type": 37, "codename": "view_taggeditem"}}, {"model": "auth.permission", "pk": 148, "fields": {"name": "Can add log entry", "content_type": 38, "codename": "add_logentry"}}, {"model": "auth.permission", "pk": 149, "fields": {"name": "Can change log entry", "content_type": 38, "codename": "change_logentry"}}, {"model": "auth.permission", "pk": 150, "fields": {"name": "Can delete log entry", "content_type": 38, "codename": "delete_logentry"}}, {"model": "auth.permission", "pk": 151, "fields": {"name": "Can view log entry", "content_type": 38, "codename": "view_logentry"}}, {"model": "auth.permission", "pk": 152, "fields": {"name": "Can add permission", "content_type": 39, "codename": "add_permission"}}, {"model": "auth.permission", "pk": 153, "fields": {"name": "Can change permission", "content_type": 39, "codename": "change_permission"}}, {"model": "auth.permission", "pk": 154, "fields": {"name": "Can delete permission", "content_type": 39, "codename": "delete_permission"}}, {"model": "auth.permission", "pk": 155, "fields": {"name": "Can view permission", "content_type": 39, "codename": "view_permission"}}, {"model": "auth.permission", "pk": 156, "fields": {"name": "Can add group", "content_type": 40, "codename": "add_group"}}, {"model": "auth.permission", "pk": 157, "fields": {"name": "Can change group", "content_type": 40, "codename": "change_group"}}, {"model": "auth.permission", "pk": 158, "fields": {"name": "Can delete group", "content_type": 40, "codename": "delete_group"}}, {"model": "auth.permission", "pk": 159, "fields": {"name": "Can view group", "content_type": 40, "codename": "view_group"}}, {"model": "auth.permission", "pk": 160, "fields": {"name": "Can add user", "content_type": 41, "codename": "add_user"}}, {"model": "auth.permission", "pk": 161, "fields": {"name": "Can change user", "content_type": 41, "codename": "change_user"}}, {"model": "auth.permission", "pk": 162, "fields": {"name": "Can delete user", "content_type": 41, "codename": "delete_user"}}, {"model": "auth.permission", "pk": 163, "fields": {"name": "Can view user", "content_type": 41, "codename": "view_user"}}, {"model": "auth.permission", "pk": 164, "fields": {"name": "Can add content type", "content_type": 42, "codename": "add_contenttype"}}, {"model": "auth.permission", "pk": 165, "fields": {"name": "Can change content type", "content_type": 42, "codename": "change_contenttype"}}, {"model": "auth.permission", "pk": 166, "fields": {"name": "Can delete content type", "content_type": 42, "codename": "delete_contenttype"}}, {"model": "auth.permission", "pk": 167, "fields": {"name": "Can view content type", "content_type": 42, "codename": "view_contenttype"}}, {"model": "auth.permission", "pk": 168, "fields": {"name": "Can add session", "content_type": 43, "codename": "add_session"}}, {"model": "auth.permission", "pk": 169, "fields": {"name": "Can change session", "content_type": 43, "codename": "change_session"}}, {"model": "auth.permission", "pk": 170, "fields": {"name": "Can delete session", "content_type": 43, "codename": "delete_session"}}, {"model": "auth.permission", "pk": 171, "fields": {"name": "Can view session", "content_type": 43, "codename": "view_session"}}, {"model": "auth.permission", "pk": 172, "fields": {"name": "Can add about page", "content_type": 44, "codename": "add_aboutpage"}}, {"model": "auth.permission", "pk": 173, "fields": {"name": "Can change about page", "content_type": 44, "codename": "change_aboutpage"}}, {"model": "auth.permission", "pk": 174, "fields": {"name": "Can delete about page", "content_type": 44, "codename": "delete_aboutpage"}}, {"model": "auth.permission", "pk": 175, "fields": {"name": "Can view about page", "content_type": 44, "codename": "view_aboutpage"}}, {"model": "auth.permission", "pk": 176, "fields": {"name": "Can add Article Details", "content_type": 45, "codename": "add_articledetailpage"}}, {"model": "auth.permission", "pk": 177, "fields": {"name": "Can change Article Details", "content_type": 45, "codename": "change_articledetailpage"}}, {"model": "auth.permission", "pk": 178, "fields": {"name": "Can delete Article Details", "content_type": 45, "codename": "delete_articledetailpage"}}, {"model": "auth.permission", "pk": 179, "fields": {"name": "Can view Article Details", "content_type": 45, "codename": "view_articledetailpage"}}, {"model": "auth.permission", "pk": 180, "fields": {"name": "Can add Article Author", "content_type": 46, "codename": "add_articleauthor"}}, {"model": "auth.permission", "pk": 181, "fields": {"name": "Can change Article Author", "content_type": 46, "codename": "change_articleauthor"}}, {"model": "auth.permission", "pk": 182, "fields": {"name": "Can delete Article Author", "content_type": 46, "codename": "delete_articleauthor"}}, {"model": "auth.permission", "pk": 183, "fields": {"name": "Can view Article Author", "content_type": 46, "codename": "view_articleauthor"}}, {"model": "auth.permission", "pk": 184, "fields": {"name": "Can add article author orderable", "content_type": 47, "codename": "add_articleauthororderable"}}, {"model": "auth.permission", "pk": 185, "fields": {"name": "Can change article author orderable", "content_type": 47, "codename": "change_articleauthororderable"}}, {"model": "auth.permission", "pk": 186, "fields": {"name": "Can delete article author orderable", "content_type": 47, "codename": "delete_articleauthororderable"}}, {"model": "auth.permission", "pk": 187, "fields": {"name": "Can view article author orderable", "content_type": 47, "codename": "view_articleauthororderable"}}, {"model": "auth.permission", "pk": 188, "fields": {"name": "Can add articles list page", "content_type": 48, "codename": "add_articleslistpage"}}, {"model": "auth.permission", "pk": 189, "fields": {"name": "Can change articles list page", "content_type": 48, "codename": "change_articleslistpage"}}, {"model": "auth.permission", "pk": 190, "fields": {"name": "Can delete articles list page", "content_type": 48, "codename": "delete_articleslistpage"}}, {"model": "auth.permission", "pk": 191, "fields": {"name": "Can view articles list page", "content_type": 48, "codename": "view_articleslistpage"}}, {"model": "auth.permission", "pk": 192, "fields": {"name": "Can add Article Category", "content_type": 49, "codename": "add_articlecategory"}}, {"model": "auth.permission", "pk": 193, "fields": {"name": "Can change Article Category", "content_type": 49, "codename": "change_articlecategory"}}, {"model": "auth.permission", "pk": 194, "fields": {"name": "Can delete Article Category", "content_type": 49, "codename": "delete_articlecategory"}}, {"model": "auth.permission", "pk": 195, "fields": {"name": "Can view Article Category", "content_type": 49, "codename": "view_articlecategory"}}, {"model": "auth.permission", "pk": 196, "fields": {"name": "Can add article category orderable", "content_type": 50, "codename": "add_articlecategoryorderable"}}, {"model": "auth.permission", "pk": 197, "fields": {"name": "Can change article category orderable", "content_type": 50, "codename": "change_articlecategoryorderable"}}, {"model": "auth.permission", "pk": 198, "fields": {"name": "Can delete article category orderable", "content_type": 50, "codename": "delete_articlecategoryorderable"}}, {"model": "auth.permission", "pk": 199, "fields": {"name": "Can view article category orderable", "content_type": 50, "codename": "view_articlecategoryorderable"}}, {"model": "auth.permission", "pk": 200, "fields": {"name": "Can add article tag page", "content_type": 51, "codename": "add_articletagpage"}}, {"model": "auth.permission", "pk": 201, "fields": {"name": "Can change article tag page", "content_type": 51, "codename": "change_articletagpage"}}, {"model": "auth.permission", "pk": 202, "fields": {"name": "Can delete article tag page", "content_type": 51, "codename": "delete_articletagpage"}}, {"model": "auth.permission", "pk": 203, "fields": {"name": "Can view article tag page", "content_type": 51, "codename": "view_articletagpage"}}, {"model": "auth.permission", "pk": 204, "fields": {"name": "Can add model contact", "content_type": 52, "codename": "add_modelcontact"}}, {"model": "auth.permission", "pk": 205, "fields": {"name": "Can change model contact", "content_type": 52, "codename": "change_modelcontact"}}, {"model": "auth.permission", "pk": 206, "fields": {"name": "Can delete model contact", "content_type": 52, "codename": "delete_modelcontact"}}, {"model": "auth.permission", "pk": 207, "fields": {"name": "Can view model contact", "content_type": 52, "codename": "view_modelcontact"}}, {"model": "auth.permission", "pk": 208, "fields": {"name": "Can add site manger setting", "content_type": 53, "codename": "add_sitemangersetting"}}, {"model": "auth.permission", "pk": 209, "fields": {"name": "Can change site manger setting", "content_type": 53, "codename": "change_sitemangersetting"}}, {"model": "auth.permission", "pk": 210, "fields": {"name": "Can delete site manger setting", "content_type": 53, "codename": "delete_sitemangersetting"}}, {"model": "auth.permission", "pk": 211, "fields": {"name": "Can view site manger setting", "content_type": 53, "codename": "view_sitemangersetting"}}, {"model": "auth.permission", "pk": 212, "fields": {"name": "Can add site manager setting", "content_type": 54, "codename": "add_sitemanagersetting"}}, {"model": "auth.permission", "pk": 213, "fields": {"name": "Can change site manager setting", "content_type": 54, "codename": "change_sitemanagersetting"}}, {"model": "auth.permission", "pk": 214, "fields": {"name": "Can delete site manager setting", "content_type": 54, "codename": "delete_sitemanagersetting"}}, {"model": "auth.permission", "pk": 215, "fields": {"name": "Can view site manager setting", "content_type": 54, "codename": "view_sitemanagersetting"}}, {"model": "auth.permission", "pk": 216, "fields": {"name": "Can add social media setting", "content_type": 55, "codename": "add_socialmediasetting"}}, {"model": "auth.permission", "pk": 217, "fields": {"name": "Can change social media setting", "content_type": 55, "codename": "change_socialmediasetting"}}, {"model": "auth.permission", "pk": 218, "fields": {"name": "Can delete social media setting", "content_type": 55, "codename": "delete_socialmediasetting"}}, {"model": "auth.permission", "pk": 219, "fields": {"name": "Can view social media setting", "content_type": 55, "codename": "view_socialmediasetting"}}, {"model": "auth.permission", "pk": 220, "fields": {"name": "Can add policy", "content_type": 56, "codename": "add_policy"}}, {"model": "auth.permission", "pk": 221, "fields": {"name": "Can change policy", "content_type": 56, "codename": "change_policy"}}, {"model": "auth.permission", "pk": 222, "fields": {"name": "Can delete policy", "content_type": 56, "codename": "delete_policy"}}, {"model": "auth.permission", "pk": 223, "fields": {"name": "Can view policy", "content_type": 56, "codename": "view_policy"}}, {"model": "auth.permission", "pk": 224, "fields": {"name": "Can add policy page", "content_type": 56, "codename": "add_policypage"}}, {"model": "auth.permission", "pk": 225, "fields": {"name": "Can change policy page", "content_type": 56, "codename": "change_policypage"}}, {"model": "auth.permission", "pk": 226, "fields": {"name": "Can delete policy page", "content_type": 56, "codename": "delete_policypage"}}, {"model": "auth.permission", "pk": 227, "fields": {"name": "Can view policy page", "content_type": 56, "codename": "view_policypage"}}, {"model": "auth.permission", "pk": 228, "fields": {"name": "Can add subscriber", "content_type": 57, "codename": "add_subscriber"}}, {"model": "auth.permission", "pk": 229, "fields": {"name": "Can change subscriber", "content_type": 57, "codename": "change_subscriber"}}, {"model": "auth.permission", "pk": 230, "fields": {"name": "Can delete subscriber", "content_type": 57, "codename": "delete_subscriber"}}, {"model": "auth.permission", "pk": 231, "fields": {"name": "Can view subscriber", "content_type": 57, "codename": "view_subscriber"}}, {"model": "auth.group", "pk": 1, "fields": {"name": "Moderators", "permissions": [1, 2, 3, 5, 4, 6, 7, 9, 8]}}, {"model": "auth.group", "pk": 2, "fields": {"name": "Editors", "permissions": [1, 2, 3, 5, 4, 6, 7, 9, 8]}}, {"model": "auth.user", "pk": 1, "fields": {"password": "pbkdf2_sha256$320000$3uM5kgB8MsySJM0Vm2j9LH$OHGzal9RwIb++oVhVNMu1HMsylvcYK1+fkKYvME8mcg=", "last_login": "2022-04-16T22:21:23.940Z", "is_superuser": true, "username": "julius", "first_name": "", "last_name": "", "email": "", "is_staff": true, "is_active": true, "date_joined": "2022-04-16T22:09:41.850Z", "groups": [], "user_permissions": []}}, {"model": "contenttypes.contenttype", "pk": 1, "fields": {"app_label": "wagtailcore", "model": "page"}}, {"model": "contenttypes.contenttype", "pk": 2, "fields": {"app_label": "home", "model": "homepage"}}, {"model": "contenttypes.contenttype", "pk": 3, "fields": {"app_label": "wagtailadmin", "model": "admin"}}, {"model": "contenttypes.contenttype", "pk": 4, "fields": {"app_label": "wagtailcore", "model": "groupapprovaltask"}}, {"model": "contenttypes.contenttype", "pk": 5, "fields": {"app_label": "wagtaildocs", "model": "document"}}, {"model": "contenttypes.contenttype", "pk": 6, "fields": {"app_label": "wagtailimages", "model": "image"}}, {"model": "contenttypes.contenttype", "pk": 7, "fields": {"app_label": "wagtailforms", "model": "formsubmission"}}, {"model": "contenttypes.contenttype", "pk": 8, "fields": {"app_label": "wagtailredirects", "model": "redirect"}}, {"model": "contenttypes.contenttype", "pk": 9, "fields": {"app_label": "wagtailembeds", "model": "embed"}}, {"model": "contenttypes.contenttype", "pk": 10, "fields": {"app_label": "wagtailusers", "model": "userprofile"}}, {"model": "contenttypes.contenttype", "pk": 11, "fields": {"app_label": "wagtaildocs", "model": "uploadeddocument"}}, {"model": "contenttypes.contenttype", "pk": 12, "fields": {"app_label": "wagtailimages", "model": "rendition"}}, {"model": "contenttypes.contenttype", "pk": 13, "fields": {"app_label": "wagtailimages", "model": "uploadedimage"}}, {"model": "contenttypes.contenttype", "pk": 14, "fields": {"app_label": "wagtailsearch", "model": "query"}}, {"model": "contenttypes.contenttype", "pk": 15, "fields": {"app_label": "wagtailsearch", "model": "querydailyhits"}}, {"model": "contenttypes.contenttype", "pk": 16, "fields": {"app_label": "wagtailsearch", "model": "indexentry"}}, {"model": "contenttypes.contenttype", "pk": 17, "fields": {"app_label": "wagtailcore", "model": "grouppagepermission"}}, {"model": "contenttypes.contenttype", "pk": 18, "fields": {"app_label": "wagtailcore", "model": "pagerevision"}}, {"model": "contenttypes.contenttype", "pk": 19, "fields": {"app_label": "wagtailcore", "model": "pageviewrestriction"}}, {"model": "contenttypes.contenttype", "pk": 20, "fields": {"app_label": "wagtailcore", "model": "site"}}, {"model": "contenttypes.contenttype", "pk": 21, "fields": {"app_label": "wagtailcore", "model": "collection"}}, {"model": "contenttypes.contenttype", "pk": 22, "fields": {"app_label": "wagtailcore", "model": "groupcollectionpermission"}}, {"model": "contenttypes.contenttype", "pk": 23, "fields": {"app_label": "wagtailcore", "model": "collectionviewrestriction"}}, {"model": "contenttypes.contenttype", "pk": 24, "fields": {"app_label": "wagtailcore", "model": "task"}}, {"model": "contenttypes.contenttype", "pk": 25, "fields": {"app_label": "wagtailcore", "model": "taskstate"}}, {"model": "contenttypes.contenttype", "pk": 26, "fields": {"app_label": "wagtailcore", "model": "workflow"}}, {"model": "contenttypes.contenttype", "pk": 27, "fields": {"app_label": "wagtailcore", "model": "workflowstate"}}, {"model": "contenttypes.contenttype", "pk": 28, "fields": {"app_label": "wagtailcore", "model": "workflowpage"}}, {"model": "contenttypes.contenttype", "pk": 29, "fields": {"app_label": "wagtailcore", "model": "workflowtask"}}, {"model": "contenttypes.contenttype", "pk": 30, "fields": {"app_label": "wagtailcore", "model": "pagelogentry"}}, {"model": "contenttypes.contenttype", "pk": 31, "fields": {"app_label": "wagtailcore", "model": "locale"}}, {"model": "contenttypes.contenttype", "pk": 32, "fields": {"app_label": "wagtailcore", "model": "comment"}}, {"model": "contenttypes.contenttype", "pk": 33, "fields": {"app_label": "wagtailcore", "model": "commentreply"}}, {"model": "contenttypes.contenttype", "pk": 34, "fields": {"app_label": "wagtailcore", "model": "pagesubscription"}}, {"model": "contenttypes.contenttype", "pk": 35, "fields": {"app_label": "wagtailcore", "model": "modellogentry"}}, {"model": "contenttypes.contenttype", "pk": 36, "fields": {"app_label": "taggit", "model": "tag"}}, {"model": "contenttypes.contenttype", "pk": 37, "fields": {"app_label": "taggit", "model": "taggeditem"}}, {"model": "contenttypes.contenttype", "pk": 38, "fields": {"app_label": "admin", "model": "logentry"}}, {"model": "contenttypes.contenttype", "pk": 39, "fields": {"app_label": "auth", "model": "permission"}}, {"model": "contenttypes.contenttype", "pk": 40, "fields": {"app_label": "auth", "model": "group"}}, {"model": "contenttypes.contenttype", "pk": 41, "fields": {"app_label": "auth", "model": "user"}}, {"model": "contenttypes.contenttype", "pk": 42, "fields": {"app_label": "contenttypes", "model": "contenttype"}}, {"model": "contenttypes.contenttype", "pk": 43, "fields": {"app_label": "sessions", "model": "session"}}, {"model": "contenttypes.contenttype", "pk": 44, "fields": {"app_label": "otherpages", "model": "aboutpage"}}, {"model": "contenttypes.contenttype", "pk": 45, "fields": {"app_label": "resources", "model": "articledetailpage"}}, {"model": "contenttypes.contenttype", "pk": 46, "fields": {"app_label": "resources", "model": "articleauthor"}}, {"model": "contenttypes.contenttype", "pk": 47, "fields": {"app_label": "resources", "model": "articleauthororderable"}}, {"model": "contenttypes.contenttype", "pk": 48, "fields": {"app_label": "resources", "model": "articleslistpage"}}, {"model": "contenttypes.contenttype", "pk": 49, "fields": {"app_label": "resources", "model": "articlecategory"}}, {"model": "contenttypes.contenttype", "pk": 50, "fields": {"app_label": "resources", "model": "articlecategoryorderable"}}, {"model": "contenttypes.contenttype", "pk": 51, "fields": {"app_label": "resources", "model": "articletagpage"}}, {"model": "contenttypes.contenttype", "pk": 52, "fields": {"app_label": "contact", "model": "modelcontact"}}, {"model": "contenttypes.contenttype", "pk": 53, "fields": {"app_label": "sitemanager", "model": "sitemangersetting"}}, {"model": "contenttypes.contenttype", "pk": 54, "fields": {"app_label": "sitemanager", "model": "sitemanagersetting"}}, {"model": "contenttypes.contenttype", "pk": 55, "fields": {"app_label": "sitemanager", "model": "socialmediasetting"}}, {"model": "contenttypes.contenttype", "pk": 56, "fields": {"app_label": "otherpages", "model": "policypage"}}, {"model": "contenttypes.contenttype", "pk": 57, "fields": {"app_label": "contact", "model": "subscriber"}}, {"model": "sessions.session", "pk": "njzfiu9hiio35tjkt1f7oj2z4q594x18", "fields": {"session_data": ".eJxVjMsOwiAUBf-FtSFQ3l269xvIvUAtasBAm2iM_65NutDtmTnzIh7WZfZrT83nSEbCyeF3QwjXVDYQL1DOlYZalpaRbgrdaaenGtPtuLt_gRn6_H0ra3Ey6LTU3A5BJDMAmCCEcBEEWjNplgaLEiQqK6MyYJzQirNgFXdsi_bUe67Fp8c9tycZ2fsDZgo-Mg:1nfqnE:7uG9ewV6KVqiAm-10_rMc3A2mJHPEumTEH_OB0fSwl4", "expire_date": "2022-04-30T22:21:24.004Z"}}]